time,temp
2025-04-04 03:23:02,13.76
2025-04-04 03:45:56,13.76
2025-04-04 03:53:22,13.76
2025-04-04 03:59:11,13.76
2025-04-04 04:20:20,14.76
2025-04-04 04:38:05,14.76
2025-04-04 04:48:52,14.76
2025-04-04 04:54:39,14.76
2025-04-04 05:00:40,14.76
2025-04-04 05:20:22,14.76
2025-04-04 05:35:37,14.76
2025-04-04 05:43:39,14.76
2025-04-04 05:49:26,14.76
2025-04-04 05:55:29,14.76
2025-04-04 06:13:34,15.66
2025-04-04 06:39:11,14.76
2025-04-04 06:50:42,14.76
2025-04-04 06:56:21,14.76
2025-04-04 07:11:00,14.76
2025-04-04 07:26:28,14.76
2025-04-04 07:34:28,14.76
2025-04-04 07:42:28,14.76
2025-04-04 07:48:05,14.76
2025-04-04 07:54:02,14.76
2025-04-04 07:59:55,14.76
2025-04-04 08:24:47,13.76
2025-04-04 08:41:18,13.76
2025-04-04 08:51:35,13.76
2025-04-04 08:57:20,13.76
2025-04-04 09:14:08,12.29
2025-04-04 09:30:25,11.76
2025-04-04 09:40:10,11.76
2025-04-04 09:46:19,11.76
2025-04-04 09:51:53,11.76
2025-04-04 09:57:26,11.76
2025-04-04 10:14:28,11.13
2025-04-04 10:34:56,9.76
2025-04-04 10:45:28,9.76
2025-04-04 10:51:25,9.76
2025-04-04 10:57:28,9.76
2025-04-04 11:12:18,10.79
2025-04-04 11:25:38,10.79
2025-04-04 11:32:05,7.76
2025-04-04 11:40:50,7.76
2025-04-04 11:46:49,7.76
2025-04-04 11:53:05,7.76
2025-04-04 11:58:54,7.76
2025-04-04 12:33:11,6.76
2025-04-04 13:03:36,6.76
2025-04-04 13:32:27,5.76
2025-04-04 13:43:58,5.76
2025-04-04 13:49:37,5.76
2025-04-04 13:55:37,5.76
2025-04-04 14:09:22,5.76
2025-04-04 14:30:01,7.76
2025-04-04 14:41:33,7.76
2025-04-04 14:47:49,7.76
2025-04-04 14:53:43,7.76
2025-04-04 14:59:23,7.76
2025-04-04 15:18:37,9.76
2025-04-04 15:34:23,7.76
2025-04-04 15:45:27,7.76
2025-04-04 15:51:37,7.76
2025-04-04 15:57:38,7.76
2025-04-04 16:16:30,9.4
2025-04-04 16:37:34,7.76
2025-04-04 16:49:35,7.76
2025-04-04 16:55:10,7.76
2025-04-04 17:08:03,7.76
2025-04-04 17:26:22,6.76
2025-04-04 17:36:51,6.76
2025-04-04 17:42:46,6.76
2025-04-04 17:48:47,6.76
2025-04-04 17:54:40,6.76
2025-04-04 18:10:21,6.76
2025-04-04 18:36:10,7.76
2025-04-04 18:48:19,7.76
2025-04-04 18:53:54,7.76
2025-04-04 18:59:41,7.76
2025-04-04 19:15:16,7.78
2025-04-04 19:26:14,7.76
2025-04-04 19:33:09,7.76
2025-04-04 19:39:43,7.76
2025-04-04 19:45:26,7.76
2025-04-04 19:51:26,7.76
2025-04-04 19:57:20,7.76
2025-04-04 20:14:14,7.76
2025-04-04 20:30:34,7.76
2025-04-04 20:40:15,7.76
2025-04-04 20:46:05,7.76
2025-04-04 20:52:09,7.76
2025-04-04 20:57:51,7.76
2025-04-04 21:12:42,8.4
2025-04-04 21:26:52,7.76
2025-04-04 21:34:42,7.76
2025-04-04 21:40:39,7.76
2025-04-04 21:46:36,7.76
2025-04-04 21:52:33,7.76
2025-04-04 21:58:25,7.76
2025-04-04 22:14:23,8.51
2025-04-04 22:31:50,8.76
2025-04-04 22:42:05,8.76
2025-04-04 22:48:02,8.76
2025-04-04 22:54:00,8.76
2025-04-04 22:59:43,8.76
2025-04-04 23:17:06,7.76
2025-04-04 23:28:57,7.76
2025-04-04 23:36:34,7.76
2025-04-04 23:42:13,7.76
2025-04-04 23:47:59,7.76
2025-04-04 23:53:48,7.76
2025-04-04 23:59:23,7.76
2025-04-05 01:20:15,7.78
2025-04-05 02:37:50,7.76
2025-04-05 03:18:12,10.8
2025-04-05 03:42:59,7.76
2025-04-05 03:52:07,7.76
2025-04-05 03:57:58,7.76
2025-04-05 04:16:53,7.76
2025-04-05 04:34:12,7.76
2025-04-05 04:44:57,7.76
2025-04-05 04:51:00,7.76
2025-04-05 04:56:58,7.76
2025-04-05 05:13:02,6.78
2025-04-05 05:31:05,7.76
2025-04-05 05:40:41,7.76
2025-04-05 05:46:46,7.76
2025-04-05 05:52:39,7.76
2025-04-05 05:58:34,7.76
2025-04-05 06:20:26,9.39
2025-04-05 06:40:12,7.76
2025-04-05 06:48:47,7.76
2025-04-05 06:54:41,7.76
2025-04-05 07:07:14,7.76
2025-04-05 07:22:57,7.76
2025-04-05 07:29:09,11.17
2025-04-05 07:36:32,7.76
2025-04-05 07:42:43,7.76
2025-04-05 07:48:44,7.76
2025-04-05 07:54:26,7.76
2025-04-05 08:00:19,7.76
2025-04-05 08:22:37,7.76
2025-04-05 08:37:19,7.76
2025-04-05 08:46:19,7.76
2025-04-05 08:52:07,7.76
2025-04-05 08:58:12,7.76
2025-04-05 09:13:53,7.76
2025-04-05 09:27:11,7.76
2025-04-05 09:34:13,7.76
2025-04-05 09:40:20,7.76
2025-04-05 09:46:03,7.76
2025-04-05 09:51:59,7.76
2025-04-05 09:58:06,7.76
2025-04-05 10:13:24,7.76
2025-04-05 10:32:19,7.76
2025-04-05 10:41:54,7.76
2025-04-05 10:47:46,7.76
2025-04-05 10:53:50,7.76
2025-04-05 10:59:35,7.76
2025-04-05 11:13:28,7.76
2025-04-05 11:23:57,7.76
2025-04-05 11:29:55,7.76
2025-04-05 11:37:06,7.76
2025-04-05 11:42:48,7.76
2025-04-05 11:48:45,7.76
2025-04-05 11:54:50,7.76
2025-04-05 12:12:47,8.36
2025-04-05 12:49:05,7.76
2025-04-05 13:10:24,7.76
2025-04-05 13:29:17,7.76
2025-04-05 13:37:57,7.76
2025-04-05 13:43:54,7.76
2025-04-05 13:49:41,7.76
2025-04-05 13:55:42,7.76
2025-04-05 14:07:51,7.76
2025-04-05 14:25:30,7.78
2025-04-05 14:34:58,7.76
2025-04-05 14:41:28,7.76
2025-04-05 14:47:20,7.76
2025-04-05 14:53:16,7.76
2025-04-05 14:59:20,7.76
2025-04-05 15:15:48,7.89
2025-04-05 15:28:30,6.76
2025-04-05 15:36:03,6.76
2025-04-05 15:41:57,6.76
2025-04-05 15:47:56,6.76
2025-04-05 15:54:01,6.76
2025-04-05 15:59:42,6.76
2025-04-05 16:20:48,7.73
2025-04-05 16:38:46,6.76
2025-04-05 16:47:15,6.76
2025-04-05 16:53:15,6.76
2025-04-05 16:59:13,6.76
2025-04-05 17:13:01,6.76
2025-04-05 17:27:56,6.76
2025-04-05 17:37:17,6.76
2025-04-05 17:43:22,6.76
2025-04-05 17:49:28,6.76
2025-04-05 17:55:19,6.76
2025-04-05 18:10:41,7.72
2025-04-05 18:33:10,7.76
2025-04-05 18:44:07,7.76
2025-04-05 18:49:53,7.76
2025-04-05 18:55:26,7.76
2025-04-05 19:06:39,7.76
2025-04-05 19:19:21,6.76
2025-04-05 19:25:17,6.76
2025-04-05 19:31:19,6.76
2025-04-05 19:38:10,6.76
2025-04-05 19:44:07,6.76
2025-04-05 19:49:53,6.76
2025-04-05 19:55:43,6.76
2025-04-05 20:09:38,6.76
2025-04-05 20:26:33,6.76
2025-04-05 20:34:38,6.76
2025-04-05 20:41:17,6.76
2025-04-05 20:47:02,6.76
2025-04-05 20:52:59,6.76
2025-04-05 20:58:39,6.76
2025-04-05 21:14:33,6.76
2025-04-05 21:27:08,6.98
2025-04-05 21:34:11,5.76
2025-04-05 21:40:03,5.76
2025-04-05 21:46:13,5.76
2025-04-05 21:52:15,5.76
2025-04-05 21:57:54,5.76
2025-04-05 22:12:38,5.76
2025-04-05 22:30:13,5.76
2025-04-05 22:39:26,5.76
2025-04-05 22:45:23,5.76
2025-04-05 22:51:17,5.76
2025-04-05 22:57:06,5.76
2025-04-05 23:13:16,7.59
2025-04-05 23:27:42,7.59
2025-04-05 23:35:32,7.76
2025-04-05 23:41:32,7.76
2025-04-05 23:47:31,7.76
2025-04-05 23:53:25,6.76
2025-04-05 23:59:05,6.76
2025-04-06 01:23:50,9.76
2025-04-06 02:45:14,11.76
2025-04-06 03:24:43,13.76
2025-04-06 03:44:56,13.76
2025-04-06 03:53:27,13.76
2025-04-06 03:59:03,13.76
2025-04-06 04:20:17,13.76
2025-04-06 04:40:07,13.76
2025-04-06 04:51:09,13.76
2025-04-06 04:56:39,13.76
2025-04-06 05:11:10,13.76
2025-04-06 05:29:08,13.76
2025-04-06 05:38:33,13.76
2025-04-06 05:44:23,13.76
2025-04-06 05:50:16,13.76
2025-04-06 05:56:03,13.76
2025-04-06 06:13:59,14.35
2025-04-06 06:38:16,13.76
2025-04-06 06:50:12,13.76
2025-04-06 06:55:50,13.76
2025-04-06 07:08:58,13.76
2025-04-06 07:23:13,13.76
2025-04-06 07:29:40,13.76
2025-04-06 07:36:14,13.76
2025-04-06 07:42:10,13.76
2025-04-06 07:48:17,13.76
2025-04-06 07:53:59,13.76
2025-04-06 07:59:58,13.76
2025-04-06 08:21:57,13.47
2025-04-06 08:38:16,12.76
2025-04-06 08:47:33,12.76
2025-04-06 08:53:29,12.76
2025-04-06 08:59:31,12.76
2025-04-06 09:16:38,12.24
2025-04-06 09:29:34,11.76
2025-04-06 09:37:23,11.76
2025-04-06 09:43:12,11.76
2025-04-06 09:48:54,11.76
2025-04-06 09:54:39,11.76
2025-04-06 10:00:49,11.76
2025-04-06 10:20:51,11.03
2025-04-06 10:36:11,9.76
2025-04-06 10:43:36,9.76
2025-04-06 10:49:29,9.76
2025-04-06 10:55:07,9.76
2025-04-06 11:06:40,9.76
2025-04-06 11:20:23,8.76
2025-04-06 11:27:05,8.76
2025-04-06 11:34:20,8.76
2025-04-06 11:40:04,8.76
2025-04-06 11:45:48,8.76
2025-04-06 11:51:30,8.76
2025-04-06 11:57:25,8.76
2025-04-06 12:23:11,9.57
2025-04-06 12:53:22,8.76
2025-04-06 13:14:32,9.16
2025-04-06 13:31:10,7.76
2025-04-06 13:39:40,7.76
2025-04-06 13:45:22,7.76
2025-04-06 13:51:14,7.76
2025-04-06 13:57:15,7.76
2025-04-06 14:10:53,7.76
2025-04-06 14:28:06,5.76
2025-04-06 14:37:12,5.76
2025-04-06 14:43:08,5.76
2025-04-06 14:48:48,5.76
2025-04-06 14:54:44,5.76
2025-04-06 15:03:53,5.76
2025-04-06 15:23:39,8.4
2025-04-06 15:31:30,3.76
2025-04-06 15:38:39,3.76
2025-04-06 15:44:24,3.76
2025-04-06 15:50:16,3.76
2025-04-06 15:56:11,3.76
2025-04-06 16:11:29,8.06
2025-04-06 16:32:20,3.76
2025-04-06 16:44:14,3.76
2025-04-06 16:49:57,3.76
2025-04-06 16:55:59,3.76
2025-04-06 17:08:20,3.76
2025-04-06 17:24:47,7.73
2025-04-06 17:34:20,4.76
2025-04-06 17:41:24,4.76
2025-04-06 17:47:25,4.76
2025-04-06 17:53:16,4.76
2025-04-06 17:59:01,4.76
2025-04-06 18:20:50,7.42
2025-04-06 18:39:02,2.76
2025-04-06 18:47:37,2.76
2025-04-06 18:53:34,2.76
2025-04-06 18:59:22,2.76
2025-04-06 19:12:39,2.76
2025-04-06 19:21:52,7.15
2025-04-06 19:27:55,2.76
2025-04-06 19:36:24,2.76
2025-04-06 19:41:59,2.76
2025-04-06 19:47:58,2.76
2025-04-06 19:54:00,2.76
2025-04-06 19:59:52,2.76
2025-04-06 20:18:52,6.99
2025-04-06 20:31:21,3.76
2025-04-06 20:39:55,3.76
2025-04-06 20:45:58,3.76
2025-04-06 20:52:00,3.76
2025-04-06 20:57:56,3.76
2025-04-06 21:12:41,6.92
2025-04-06 21:26:22,6.92
2025-04-06 21:34:18,2.76
2025-04-06 21:40:34,2.76
2025-04-06 21:46:19,2.76
2025-04-06 21:52:21,2.76
2025-04-06 21:58:12,2.76
2025-04-06 22:13:17,7.29
2025-04-06 22:30:15,3.76
2025-04-06 22:39:56,3.76
2025-04-06 22:45:31,3.76
2025-04-06 22:51:30,3.76
2025-04-06 22:57:14,3.76
2025-04-06 23:11:53,3.76
2025-04-06 23:25:23,8.76
2025-04-06 23:31:46,8.76
2025-04-06 23:38:31,8.76
2025-04-06 23:44:37,8.76
2025-04-06 23:50:26,8.76
2025-04-06 23:56:30,8.76
2025-04-07 00:57:20,11.76
2025-04-07 02:26:10,15.76
2025-04-07 03:14:11,15.76
2025-04-07 03:43:15,17.76
2025-04-07 03:53:37,17.76
2025-04-07 03:59:23,17.76
2025-04-07 04:21:28,18.93
2025-04-07 04:39:01,17.76
2025-04-07 04:48:06,17.76
2025-04-07 04:54:11,17.76
2025-04-07 05:00:05,17.76
2025-04-07 05:19:32,18.76
2025-04-07 05:35:32,18.76
2025-04-07 05:44:22,18.76
2025-04-07 05:50:17,18.76
2025-04-07 05:56:21,18.76
2025-04-07 06:16:37,20.75
2025-04-07 06:42:59,19.76
2025-04-07 06:53:22,19.76
2025-04-07 06:59:00,19.76
2025-04-07 07:17:24,20.97
2025-04-07 07:31:34,18.76
2025-04-07 07:40:36,18.76
2025-04-07 07:46:34,18.76
2025-04-07 07:52:27,18.76
2025-04-07 07:58:22,18.76
2025-04-07 08:21:19,20.69
2025-04-07 08:41:45,17.76
2025-04-07 08:53:14,17.76
2025-04-07 08:59:11,17.76
2025-04-07 09:19:30,16.76
2025-04-07 09:34:31,16.76
2025-04-07 09:43:44,16.76
2025-04-07 09:49:38,16.76
2025-04-07 09:55:11,16.76
2025-04-07 10:10:49,16.3
2025-04-07 10:34:47,15.76
2025-04-07 10:46:19,15.76
2025-04-07 10:52:14,15.76
2025-04-07 10:58:22,15.76
2025-04-07 11:13:13,15.25
2025-04-07 11:25:45,14.76
2025-04-07 11:32:41,14.76
2025-04-07 11:39:36,14.76
2025-04-07 11:45:19,14.76
2025-04-07 11:51:15,14.76
2025-04-07 11:57:08,14.76
2025-04-07 12:26:33,14.76
2025-04-07 13:01:50,14.76
2025-04-07 13:32:42,14.76
2025-04-07 13:46:15,14.76
2025-04-07 13:51:51,14.76
2025-04-07 13:57:47,14.76
2025-04-07 14:14:39,13.21
2025-04-07 14:34:18,13.76
2025-04-07 14:46:24,13.76
2025-04-07 14:52:18,13.76
2025-04-07 14:58:21,13.76
2025-04-07 15:16:36,12.45
2025-04-07 15:32:57,12.76
2025-04-07 15:43:22,12.76
2025-04-07 15:49:13,12.76
2025-04-07 15:55:36,12.76
2025-04-07 16:11:16,12.76
2025-04-07 16:36:08,12.76
2025-04-07 16:49:25,12.76
2025-04-07 16:56:07,12.76
2025-04-07 17:09:45,12.76
2025-04-07 17:28:13,10.89
2025-04-07 17:37:59,11.76
2025-04-07 17:43:52,11.76
2025-04-07 17:49:34,11.76
2025-04-07 17:55:22,11.76
2025-04-07 18:12:25,10.18
2025-04-07 18:37:08,10.76
2025-04-07 18:48:25,10.76
2025-04-07 18:53:59,10.76
2025-04-07 18:59:54,10.76
2025-04-07 19:14:56,10.76
2025-04-07 19:24:42,9.76
2025-04-07 19:30:31,9.76
2025-04-07 19:37:58,9.76
2025-04-07 19:43:46,9.76
2025-04-07 19:49:38,9.76
2025-04-07 19:55:32,9.76
2025-04-07 20:10:41,9.19
2025-04-07 20:30:11,9.76
2025-04-07 20:40:47,9.76
2025-04-07 20:46:54,9.76
2025-04-07 20:52:55,9.76
2025-04-07 20:58:44,9.76
2025-04-07 21:15:20,9.05
2025-04-07 21:28:53,9.76
2025-04-07 21:38:25,9.76
2025-04-07 21:44:22,9.76
2025-04-07 21:50:13,9.76
2025-04-07 21:56:08,9.76
2025-04-07 22:10:29,9.76
2025-04-07 22:30:38,9.76
2025-04-07 22:41:23,9.76
2025-04-07 22:47:20,9.76
2025-04-07 22:53:19,9.76
2025-04-07 22:59:01,9.76
2025-04-07 23:16:26,10.03
2025-04-07 23:30:27,10.76
2025-04-07 23:39:10,10.76
2025-04-07 23:45:02,10.76
2025-04-07 23:51:18,10.76
2025-04-07 23:57:00,10.76
2025-04-08 01:00:28,11.76
2025-04-08 02:25:53,14.76
2025-04-08 03:10:37,17.16
2025-04-08 03:40:28,15.76
2025-04-08 03:52:38,15.76
2025-04-08 03:58:17,15.76
2025-04-08 04:18:22,17.95
2025-04-08 04:38:27,16.76
2025-04-08 04:48:37,16.76
2025-04-08 04:54:30,16.76
2025-04-08 05:00:17,16.76
2025-04-08 05:18:55,18.03
2025-04-08 05:34:31,17.76
2025-04-08 05:43:18,17.76
2025-04-08 05:49:15,17.76
2025-04-08 05:55:19,17.76
2025-04-08 06:13:44,18.66
2025-04-08 06:40:55,17.76
2025-04-08 06:51:57,17.76
2025-04-08 06:57:52,17.76
2025-04-08 07:14:29,17.76
2025-04-08 07:28:20,17.76
2025-04-08 07:36:38,17.76
2025-04-08 07:42:29,17.76
2025-04-08 07:48:34,17.76
2025-04-08 07:54:18,17.76
2025-04-08 08:00:25,17.76
2025-04-08 08:27:18,17.76
2025-04-08 08:44:06,17.76
2025-04-08 08:54:01,17.76
2025-04-08 08:59:53,17.76
2025-04-08 09:20:49,17.38
2025-04-08 09:35:15,15.76
2025-04-08 09:44:19,15.76
2025-04-08 09:50:06,15.76
2025-04-08 09:56:08,15.76
2025-04-08 10:11:59,15.76
2025-04-08 10:35:08,13.76
2025-04-08 10:46:47,13.76
2025-04-08 10:52:33,13.76
2025-04-08 10:58:28,13.76
2025-04-08 11:13:11,15.01
2025-04-08 11:25:53,15.01
2025-04-08 11:32:36,12.76
2025-04-08 11:40:21,12.76
2025-04-08 11:46:10,12.76
2025-04-08 11:52:08,12.76
2025-04-08 11:57:53,12.76
2025-04-08 12:29:06,10.76
2025-04-08 13:03:41,10.76
2025-04-08 13:33:40,9.76
2025-04-08 13:46:15,9.76
2025-04-08 13:52:00,9.76
2025-04-08 13:57:56,9.76
2025-04-08 14:14:43,12.88
2025-04-08 14:35:09,7.76
2025-04-08 14:47:28,7.76
2025-04-08 14:53:28,7.76
2025-04-08 14:59:07,7.76
2025-04-08 15:19:00,12.98
2025-04-08 15:36:01,6.76
2025-04-08 15:46:08,6.76
2025-04-08 15:52:04,6.76
2025-04-08 15:58:12,6.76
2025-04-08 16:19:23,13.59
2025-04-08 16:42:12,6.76
2025-04-08 16:53:28,6.76
2025-04-08 16:59:09,6.76
2025-04-08 17:15:42,6.76
2025-04-08 17:31:30,5.76
2025-04-08 17:41:27,5.76
2025-04-08 17:47:19,5.76
2025-04-08 17:53:22,5.76
2025-04-08 17:59:08,5.76
2025-04-08 18:23:37,5.76
2025-04-08 18:43:40,5.76
2025-04-08 18:53:06,5.76
2025-04-08 18:58:50,5.76
2025-04-08 19:13:52,5.76
2025-04-08 19:25:07,10.74
2025-04-08 19:31:00,5.76
2025-04-08 19:38:23,5.76
2025-04-08 19:44:18,5.76
2025-04-08 19:50:12,5.76
2025-04-08 19:55:52,5.76
2025-04-08 20:10:50,5.76
2025-04-08 20:30:46,6.76
2025-04-08 20:41:30,6.76
2025-04-08 20:48:11,6.76
2025-04-08 20:53:55,6.76
2025-04-08 20:59:54,6.76
2025-04-08 21:17:46,10.23
2025-04-08 21:29:55,6.76
2025-04-08 21:38:21,6.76
2025-04-08 21:44:21,6.76
2025-04-08 21:50:13,6.76
2025-04-08 21:55:57,6.76
2025-04-08 22:09:59,6.76
2025-04-08 22:30:10,7.76
2025-04-08 22:40:51,7.76
2025-04-08 22:46:55,7.76
2025-04-08 22:52:43,7.76
2025-04-08 22:58:38,7.76
2025-04-08 23:15:12,11.4
2025-04-08 23:28:20,10.76
2025-04-08 23:36:19,10.76
2025-04-08 23:42:30,10.76
2025-04-08 23:48:38,10.76
2025-04-08 23:54:36,10.76
2025-04-09 00:37:18,12.76
2025-04-09 02:14:42,14.76
2025-04-09 03:08:21,15.76
2025-04-09 03:38:30,16.76
2025-04-09 03:52:15,16.76
2025-04-09 03:58:04,16.76
2025-04-09 04:17:42,17.25
2025-04-09 04:36:44,17.76
2025-04-09 04:48:38,17.76
2025-04-09 04:55:20,17.76
2025-04-09 05:09:27,17.76
2025-04-09 05:30:26,15.76
2025-04-09 05:41:31,15.76
2025-04-09 05:47:17,15.76
2025-04-09 05:53:19,15.76
2025-04-09 05:59:18,15.76
2025-04-09 06:26:06,14.76
2025-04-09 06:45:26,14.76
2025-04-09 06:54:35,14.76
2025-04-09 07:00:34,14.76
2025-04-09 07:20:10,17.41
2025-04-09 07:31:18,12.76
2025-04-09 07:39:54,12.76
2025-04-09 07:45:27,12.76
2025-04-09 07:51:37,12.76
2025-04-09 07:57:38,12.76
2025-04-09 08:19:48,16.46
2025-04-09 08:43:06,13.76
2025-04-09 08:54:52,13.76
2025-04-09 09:09:03,16.28
2025-04-09 09:30:35,13.76
2025-04-09 09:42:26,13.76
2025-04-09 09:49:03,13.76
2025-04-09 09:54:57,13.76
2025-04-09 10:11:02,13.76
2025-04-09 10:37:23,11.76
2025-04-09 10:50:26,11.76
2025-04-09 10:57:34,11.76
2025-04-09 11:12:04,12.78
2025-04-09 11:24:56,10.76
2025-04-09 11:30:53,10.76
2025-04-09 11:38:00,10.76
2025-04-09 11:43:48,10.76
2025-04-09 11:49:58,10.76
2025-04-09 11:55:48,10.76
2025-04-09 12:19:06,9.76
2025-04-09 12:57:43,9.76
2025-04-09 13:25:30,12.88
2025-04-09 13:43:38,9.76
2025-04-09 13:54:54,9.76
2025-04-09 14:09:11,9.76
2025-04-09 14:33:18,10.76
2025-04-09 14:47:38,10.76
2025-04-09 14:54:32,10.76
2025-04-09 15:01:05,10.76
2025-04-09 15:26:15,12.4
2025-04-09 15:40:54,9.76
2025-04-09 15:49:27,9.76
2025-04-09 15:55:29,9.76
2025-04-09 16:11:48,9.76
2025-04-09 16:36:23,9.76
2025-04-09 16:52:42,9.76
2025-04-09 16:58:39,9.76
2025-04-09 17:14:19,9.76
2025-04-09 17:30:47,8.76
2025-04-09 17:41:03,8.76
2025-04-09 17:47:08,8.76
2025-04-09 17:53:20,8.76
2025-04-09 17:59:16,8.76
2025-04-09 18:24:29,11.35
2025-04-09 18:43:30,8.76
2025-04-09 18:51:52,8.76
2025-04-09 18:57:40,8.76
2025-04-09 19:11:44,9.94
2025-04-09 19:23:34,9.94
2025-04-09 19:29:29,8.76
2025-04-09 19:37:07,8.76
2025-04-09 19:42:45,8.76
2025-04-09 19:48:30,8.76
2025-04-09 19:54:05,8.76
2025-04-09 19:59:45,8.76
2025-04-09 20:19:22,9.66
2025-04-09 20:33:46,7.76
2025-04-09 20:44:55,6.76
2025-04-09 20:52:17,6.76
2025-04-09 20:58:08,6.76
2025-04-09 21:12:15,6.76
2025-04-09 21:25:25,5.76
2025-04-09 21:31:53,5.76
2025-04-09 21:39:16,5.76
2025-04-09 21:45:00,5.76
2025-04-09 21:50:48,5.76
2025-04-09 21:56:29,5.76
2025-04-09 22:10:50,5.76
2025-04-09 22:29:50,6.76
2025-04-09 22:39:35,6.76
2025-04-09 22:45:15,6.76
2025-04-09 22:51:08,6.76
2025-04-09 22:56:57,6.76
2025-04-09 23:11:38,6.76
2025-04-09 23:26:32,9.76
2025-04-09 23:34:35,9.76
2025-04-09 23:41:17,9.76
2025-04-09 23:47:27,9.76
2025-04-09 23:53:26,9.76
2025-04-09 23:59:07,9.76
2025-04-10 01:19:39,12.76
2025-04-10 02:41:28,15.76
2025-04-10 03:22:46,17.68
2025-04-10 03:45:49,15.76
2025-04-10 03:55:06,15.76
2025-04-10 04:11:19,15.76
2025-04-10 04:33:18,17.76
2025-04-10 04:47:27,17.76
2025-04-10 04:53:55,17.76
2025-04-10 04:59:24,17.76
2025-04-10 05:17:37,19.06
2025-04-10 05:33:43,17.76
2025-04-10 05:43:18,17.76
2025-04-10 05:49:17,17.76
2025-04-10 05:55:17,17.76
2025-04-10 06:13:29,17.76
2025-04-10 06:40:03,17.76
2025-04-10 06:51:31,17.76
2025-04-10 06:57:20,17.76
2025-04-10 07:13:14,19.45
2025-04-10 07:29:32,16.76
2025-04-10 07:38:44,16.76
2025-04-10 07:44:46,16.76
2025-04-10 07:50:45,16.76
2025-04-10 07:56:25,16.76
2025-04-10 08:15:33,16.76
2025-04-10 08:37:55,15.76
2025-04-10 08:50:52,15.76
2025-04-10 08:57:12,15.76
2025-04-10 09:14:07,15.76
2025-04-10 09:30:52,13.76
2025-04-10 09:41:12,13.76
2025-04-10 09:47:03,13.76
2025-04-10 09:52:45,13.76
2025-04-10 09:58:39,13.76
2025-04-10 10:17:43,15.73
2025-04-10 10:38:35,11.76
2025-04-10 10:48:18,11.76
2025-04-10 10:53:56,11.76
2025-04-10 10:59:43,11.76
2025-04-10 11:15:42,11.76
2025-04-10 11:26:47,13.54
2025-04-10 11:34:18,10.76
2025-04-10 11:40:22,10.76
2025-04-10 11:46:20,10.76
2025-04-10 11:52:26,10.76
2025-04-10 11:58:22,10.76
2025-04-10 12:32:16,9.76
2025-04-10 13:05:00,9.76
2025-04-10 13:34:38,8.76
2025-04-10 13:46:45,8.76
2025-04-10 13:52:29,8.76
2025-04-10 13:58:32,8.76
2025-04-10 14:15:51,8.76
2025-04-10 14:34:43,7.76
2025-04-10 14:44:11,7.76
2025-04-10 14:49:59,7.76
2025-04-10 14:55:55,7.76
2025-04-10 15:11:29,7.76
2025-04-10 15:31:01,7.76
2025-04-10 15:41:56,7.76
2025-04-10 15:47:59,7.76
2025-04-10 15:54:01,7.76
2025-04-10 16:00:01,7.76
2025-04-10 16:24:45,6.76
2025-04-10 16:44:04,6.76
2025-04-10 16:54:45,6.76
2025-04-10 17:07:27,6.76
2025-04-10 17:26:38,6.76
2025-04-10 17:37:14,6.76
2025-04-10 17:43:33,6.76
2025-04-10 17:49:33,6.76
2025-04-10 17:55:22,6.76
2025-04-10 18:13:04,11.24
2025-04-10 18:35:47,6.76
2025-04-10 18:48:01,6.76
2025-04-10 18:54:09,6.76
2025-04-10 19:00:01,6.76
2025-04-10 19:15:06,6.76
2025-04-10 19:23:12,6.76
2025-04-10 19:29:07,6.76
2025-04-10 19:36:42,6.76
2025-04-10 19:42:36,6.76
2025-04-10 19:48:40,6.76
2025-04-10 19:54:22,6.76
2025-04-10 19:59:57,6.76
2025-04-10 20:20:42,6.76
2025-04-10 20:34:30,6.76
2025-04-10 20:43:34,6.76
2025-04-10 20:49:13,6.76
2025-04-10 20:55:09,6.76
2025-04-10 21:08:08,6.76
2025-04-10 21:25:20,6.76
2025-04-10 21:33:22,6.76
2025-04-10 21:40:41,6.76
2025-04-10 21:46:32,6.76
2025-04-10 21:52:38,6.76
2025-04-10 21:58:29,6.76
2025-04-10 22:16:06,6.76
2025-04-10 22:33:58,6.76
2025-04-10 22:43:50,6.76
2025-04-10 22:49:53,6.76
2025-04-10 22:55:58,6.76
2025-04-10 23:10:16,6.76
2025-04-10 23:27:10,10.76
2025-04-10 23:35:56,10.76
2025-04-10 23:43:17,10.76
2025-04-10 23:49:14,10.76
2025-04-10 23:54:56,10.76
2025-04-11 00:40:51,13.76
2025-04-11 02:15:59,18.76
2025-04-11 03:09:03,18.76
2025-04-11 03:39:05,20.76
2025-04-11 03:52:16,20.76
2025-04-11 03:58:12,20.76
2025-04-11 04:18:50,22.76
2025-04-11 04:39:10,22.76
2025-04-11 04:49:22,22.76
2025-04-11 04:55:14,22.76
2025-04-11 05:09:19,22.76
2025-04-11 05:32:02,22.76
2025-04-11 05:45:01,22.76
2025-04-11 05:50:28,22.76
2025-04-11 05:56:31,22.76
2025-04-11 06:16:45,21.76
2025-04-11 06:42:07,21.76
2025-04-11 06:52:50,21.76
2025-04-11 06:58:38,21.76
2025-04-11 07:15:31,21.76
2025-04-11 07:28:39,21.76
2025-04-11 07:36:29,21.76
2025-04-11 07:42:20,21.76
2025-04-11 07:48:16,21.76
2025-04-11 07:54:19,21.76
2025-04-11 08:00:05,21.76
2025-04-11 08:26:15,19.76
2025-04-11 08:42:39,19.76
2025-04-11 08:52:32,19.76
2025-04-11 08:58:29,19.76
2025-04-11 09:17:07,23.32
2025-04-11 09:32:20,18.76
2025-04-11 09:42:00,18.76
2025-04-11 09:48:00,18.76
2025-04-11 09:53:47,18.76
2025-04-11 09:59:21,18.76
2025-04-11 10:18:30,16.76
2025-04-11 10:37:58,16.76
2025-04-11 10:46:54,16.76
2025-04-11 10:52:32,16.76
2025-04-11 10:58:34,16.76
2025-04-11 11:13:02,16.76
2025-04-11 11:25:11,13.76
2025-04-11 11:31:28,13.76
2025-04-11 11:38:42,13.76
2025-04-11 11:44:39,13.76
2025-04-11 11:50:35,13.76
2025-04-11 11:56:32,13.76
2025-04-11 12:22:12,12.76
2025-04-11 12:57:55,12.76
2025-04-11 13:23:40,11.76
2025-04-11 13:41:44,11.76
2025-04-11 13:49:22,11.76
2025-04-11 13:55:02,11.76
2025-04-11 14:08:16,11.76
2025-04-11 14:29:59,10.76
2025-04-11 14:42:19,10.76
2025-04-11 14:49:18,10.76
2025-04-11 14:55:06,10.76
2025-04-11 15:09:17,10.76
2025-04-11 15:29:18,9.76
2025-04-11 15:39:40,9.76
2025-04-11 15:46:00,9.76
2025-04-11 15:51:59,9.76
2025-04-11 15:57:55,9.76
2025-04-11 16:18:12,15.67
2025-04-11 16:41:05,9.76
2025-04-11 16:52:14,9.76
2025-04-11 16:57:55,9.76
2025-04-11 17:13:00,9.76
2025-04-11 17:27:56,9.76
2025-04-11 17:38:22,9.76
2025-04-11 17:44:51,9.76
2025-04-11 17:50:48,9.76
2025-04-11 17:56:48,9.76
2025-04-11 18:17:05,9.76
2025-04-11 18:41:09,9.76
2025-04-11 18:51:08,9.76
2025-04-11 18:57:10,9.76
2025-04-11 19:10:48,9.76
2025-04-11 19:22:42,10.76
2025-04-11 19:28:50,10.76
2025-04-11 19:36:22,10.76
2025-04-11 19:42:14,10.76
2025-04-11 19:48:08,10.76
2025-04-11 19:54:08,10.76
2025-04-11 20:00:02,10.76
2025-04-11 20:20:48,9.76
2025-04-11 20:34:10,9.76
2025-04-11 20:43:03,9.76
2025-04-11 20:49:00,9.76
2025-04-11 20:54:48,9.76
2025-04-11 21:07:02,9.76
2025-04-11 21:24:18,9.76
2025-04-11 21:31:51,9.76
2025-04-11 21:39:38,9.76
2025-04-11 21:45:20,9.76
2025-04-11 21:51:24,9.76
2025-04-11 21:57:12,9.76
2025-04-11 22:12:11,9.76
2025-04-11 22:32:03,10.76
2025-04-11 22:43:54,10.76
2025-04-11 22:49:58,10.76
2025-04-11 22:55:47,10.76
2025-04-11 23:09:42,10.76
2025-04-11 23:25:38,15.76
2025-04-11 23:33:42,15.76
2025-04-11 23:41:04,15.76
2025-04-11 23:46:57,15.76
2025-04-11 23:52:56,15.76
2025-04-11 23:58:49,15.76
2025-04-12 01:16:07,19.76
2025-04-12 02:37:58,21.76
2025-04-12 03:19:02,21.76
2025-04-12 03:43:04,21.76
2025-04-12 03:52:10,21.76
2025-04-12 03:58:03,21.76
2025-04-12 04:17:05,19.76
2025-04-12 04:36:03,19.76
2025-04-12 04:46:01,15.76
2025-04-12 04:51:55,15.76
2025-04-12 04:58:09,15.76
2025-04-12 05:14:01,15.76
2025-04-12 05:30:21,16.76
2025-04-12 05:39:24,16.76
2025-04-12 05:45:04,16.76
2025-04-12 05:50:55,16.76
2025-04-12 05:56:57,16.76
2025-04-12 06:15:50,16.76
2025-04-12 06:36:51,16.76
2025-04-12 06:48:23,16.76
2025-04-12 06:54:03,16.76
2025-04-12 06:59:56,16.76
2025-04-12 07:16:41,16.76
2025-04-12 07:27:18,15.76
2025-04-12 07:34:06,15.76
2025-04-12 07:40:06,15.76
2025-04-12 07:46:10,15.76
2025-04-12 07:52:08,15.76
2025-04-12 07:57:50,15.76
2025-04-12 08:16:59,17.16
2025-04-12 08:34:17,11.76
2025-04-12 08:44:46,11.76
2025-04-12 08:51:24,11.76
2025-04-12 08:57:10,11.76
2025-04-12 09:13:24,8.76
2025-04-12 09:29:10,8.76
2025-04-12 09:38:04,8.76
2025-04-12 09:43:34,8.76
2025-04-12 09:49:35,8.76
2025-04-12 09:55:15,8.76
2025-04-12 10:07:56,8.76
2025-04-12 10:28:25,6.76
2025-04-12 10:38:28,6.76
2025-04-12 10:44:30,6.76
2025-04-12 10:50:16,6.76
2025-04-12 10:55:58,6.76
2025-04-12 11:07:49,6.76
2025-04-12 11:20:26,6.41
2025-04-12 11:26:37,6.41
2025-04-12 11:33:43,4.76
2025-04-12 11:39:39,4.76
2025-04-12 11:45:36,4.76
2025-04-12 11:51:33,4.76
2025-04-12 11:57:23,4.76
2025-04-12 12:23:05,4.76
2025-04-12 12:53:32,4.76
2025-04-12 13:13:25,1.76
2025-04-12 13:30:17,1.76
2025-04-12 13:38:48,1.76
2025-04-12 13:44:28,1.76
2025-04-12 13:50:20,0.76
2025-04-12 13:56:21,0.76
2025-04-12 14:08:56,0.76
2025-04-12 14:26:30,0.76
2025-04-12 14:36:26,0.76
2025-04-12 14:42:35,0.76
2025-04-12 14:48:33,0.76
2025-04-12 14:54:23,0.76
2025-04-12 15:00:13,0.76
2025-04-12 15:17:50,0.76
2025-04-12 15:29:39,0.76
2025-04-12 15:38:19,0.76
2025-04-12 15:44:00,0.76
2025-04-12 15:49:59,0.76
2025-04-12 15:55:35,0.76
2025-04-12 16:10:09,0.76
2025-04-12 16:32:03,0.76
2025-04-12 16:43:32,0.76
2025-04-12 16:50:40,0.76
2025-04-12 16:56:12,0.76
2025-04-12 17:08:58,1.76
2025-04-12 17:27:21,1.76
2025-04-12 17:36:52,1.76
2025-04-12 17:42:50,1.76
2025-04-12 17:48:31,1.76
2025-04-12 17:54:14,1.76
2025-04-12 18:00:16,1.76
2025-04-12 18:24:38,2.76
2025-04-12 18:40:08,2.76
2025-04-12 18:49:00,2.76
2025-04-12 18:54:53,2.76
2025-04-12 19:02:58,2.76
2025-04-12 19:19:13,3.76
2025-04-12 19:25:37,3.76
2025-04-12 19:31:59,3.76
2025-04-12 19:38:39,3.76
2025-04-12 19:44:15,3.76
2025-04-12 19:50:09,3.76
2025-04-12 19:56:04,3.76
2025-04-12 20:10:36,6.04
2025-04-12 20:27:25,4.76
2025-04-12 20:35:48,4.76
2025-04-12 20:42:12,4.76
2025-04-12 20:48:20,4.76
2025-04-12 20:54:19,4.76
2025-04-12 20:59:59,4.76
2025-04-12 21:16:19,4.76
2025-04-12 21:27:00,4.76
2025-04-12 21:34:54,4.76
2025-04-12 21:40:50,4.76
2025-04-12 21:46:30,4.76
2025-04-12 21:52:13,4.76
2025-04-12 21:57:53,4.76
2025-04-12 22:12:17,4.76
2025-04-12 22:29:50,6.76
2025-04-12 22:39:08,6.76
2025-04-12 22:44:51,6.76
2025-04-12 22:50:52,6.76
2025-04-12 22:56:46,6.76
2025-04-12 23:10:52,6.44
2025-04-12 23:33:28,7.76
2025-04-13 02:00:55,7.76
2025-04-13 04:07:36,5.76
2025-04-13 04:53:29,6.76
2025-04-13 05:15:01,3.76
2025-04-13 05:35:37,3.76
2025-04-13 05:45:43,3.76
2025-04-13 05:51:29,3.76
2025-04-13 05:57:07,3.76
2025-04-13 06:17:04,3.76
2025-04-13 06:40:28,6.76
2025-04-13 06:49:53,6.76
2025-04-13 06:55:45,6.76
2025-04-13 07:08:59,6.76
2025-04-13 07:24:00,6.76
2025-04-13 07:30:13,6.76
2025-04-13 07:36:41,6.76
2025-04-13 07:42:34,6.76
2025-04-13 07:48:50,6.76
2025-04-13 07:54:33,6.76
2025-04-13 08:00:18,6.76
2025-04-13 08:22:52,6.76
2025-04-13 08:38:28,6.76
2025-04-13 08:47:50,6.76
2025-04-13 08:53:40,6.76
2025-04-13 08:59:40,6.76
2025-04-13 09:19:06,6.76
2025-04-13 09:32:12,6.76
2025-04-13 09:40:59,6.76
2025-04-13 09:47:00,6.76
2025-04-13 09:52:47,6.76
2025-04-13 09:58:29,6.76
2025-04-13 10:16:07,5.76
2025-04-13 10:34:41,5.76
2025-04-13 10:44:22,5.76
2025-04-13 10:50:14,5.76
2025-04-13 10:56:06,5.76
2025-04-13 11:08:02,5.76
2025-04-13 11:21:01,5.76
2025-04-13 11:27:19,5.76
2025-04-13 11:34:57,5.76
2025-04-13 11:40:58,5.76
2025-04-13 11:47:03,5.76
2025-04-13 11:53:06,5.76
2025-04-13 11:58:44,5.76
2025-04-13 12:29:41,5.76
2025-04-13 12:57:54,5.76
2025-04-13 13:22:07,5.76
2025-04-13 13:40:30,5.76
2025-04-13 13:47:04,5.76
2025-04-13 13:53:03,5.76
2025-04-13 13:58:57,5.76
2025-04-13 14:13:57,5.76
2025-04-13 14:29:43,5.76
2025-04-13 14:38:37,5.76
2025-04-13 14:44:21,5.76
2025-04-13 14:50:14,5.76
2025-04-13 14:55:50,5.76
2025-04-13 15:09:02,5.76
2025-04-13 15:28:07,5.76
2025-04-13 15:37:27,5.76
2025-04-13 15:43:30,5.76
2025-04-13 15:49:27,5.76
2025-04-13 15:55:27,5.76
2025-04-13 16:10:30,6.14
2025-04-13 16:34:36,4.76
2025-04-13 16:47:04,4.76
2025-04-13 16:52:52,4.76
2025-04-13 16:58:45,4.76
2025-04-13 17:13:18,4.76
2025-04-13 17:28:26,4.76
2025-04-13 17:37:13,4.76
2025-04-13 17:43:06,1.76
2025-04-13 17:49:00,1.76
2025-04-13 17:54:42,1.76
2025-04-13 18:09:42,0.76
2025-04-13 18:34:01,0.76
2025-04-13 18:45:44,0.76
2025-04-13 18:51:41,0.76
2025-04-13 18:57:38,0.76
2025-04-13 19:10:20,0.76
2025-04-13 19:21:01,2.76
2025-04-13 19:26:36,2.76
2025-04-13 19:33:44,2.76
2025-04-13 19:39:24,2.76
2025-04-13 19:45:30,2.76
2025-04-13 19:51:24,2.76
2025-04-13 19:57:16,2.76
2025-04-13 20:13:06,2.76
2025-04-13 20:28:52,2.76
2025-04-13 20:37:44,2.76
2025-04-13 20:43:28,2.76
2025-04-13 20:49:22,2.76
2025-04-13 20:55:04,2.76
2025-04-13 21:07:43,2.76
2025-04-13 21:24:02,3.76
2025-04-13 21:30:26,3.76
2025-04-13 21:37:37,3.76
2025-04-13 21:43:24,3.76
2025-04-13 21:49:07,3.76
2025-04-13 21:54:49,3.76
2025-04-13 22:07:03,3.76
2025-04-13 22:26:51,3.76
2025-04-13 22:37:31,3.76
2025-04-13 22:44:21,3.76
2025-04-13 22:50:21,3.76
2025-04-13 22:56:01,3.76
2025-04-13 23:10:41,3.76
2025-04-13 23:26:42,4.76
2025-04-13 23:36:26,4.76
2025-04-13 23:43:52,4.76
2025-04-13 23:49:34,4.76
2025-04-13 23:55:33,4.76
2025-04-14 00:51:03,4.76
2025-04-14 02:22:21,3.76
2025-04-14 03:15:26,6.76
2025-04-14 03:46:00,6.76
2025-04-14 03:57:31,6.76
2025-04-14 04:16:45,5.76
2025-04-14 04:36:26,5.76
2025-04-14 04:47:32,5.76
2025-04-14 04:53:04,5.76
2025-04-14 04:58:47,5.76
2025-04-14 05:17:28,5.78
2025-04-14 05:34:21,6.76
2025-04-14 05:44:11,6.76
2025-04-14 05:50:13,6.76
2025-04-14 05:56:05,6.76
2025-04-14 06:16:50,5.76
2025-04-14 06:43:44,5.76
2025-04-14 06:54:05,5.76
2025-04-14 06:59:52,5.76
2025-04-14 07:19:26,5.95
2025-04-14 07:31:45,5.76
2025-04-14 07:40:26,5.76
2025-04-14 07:46:23,5.76
2025-04-14 07:52:30,5.76
2025-04-14 07:58:27,5.76
2025-04-14 08:21:28,5.76
2025-04-14 08:42:36,5.76
2025-04-14 08:53:48,5.76
2025-04-14 08:59:44,5.76
2025-04-14 09:21:12,5.76
2025-04-14 09:36:40,5.76
2025-04-14 09:45:35,5.76
2025-04-14 09:51:34,5.76
2025-04-14 09:57:33,5.76
2025-04-14 10:16:08,5.76
2025-04-14 10:38:15,5.76
2025-04-14 10:48:53,5.76
2025-04-14 10:54:48,5.76
2025-04-14 11:07:03,5.76
2025-04-14 11:22:54,5.76
2025-04-14 11:29:48,5.76
2025-04-14 11:37:02,5.76
2025-04-14 11:43:03,5.76
2025-04-14 11:49:06,5.76
2025-04-14 11:55:13,5.76
2025-04-14 12:17:01,4.78
2025-04-14 12:57:22,4.76
2025-04-14 13:25:02,6.6
2025-04-14 13:42:58,4.76
2025-04-14 13:50:48,4.76
2025-04-14 13:56:40,4.76
2025-04-14 14:12:15,3.76
2025-04-14 14:33:55,3.76
2025-04-14 14:46:38,3.76
2025-04-14 14:52:36,3.76
2025-04-14 14:58:29,3.76
2025-04-14 15:17:22,6.11
2025-04-14 15:32:32,6.11
2025-04-14 15:42:06,3.76
2025-04-14 15:48:32,3.76
2025-04-14 15:54:35,3.76
2025-04-14 16:00:56,3.76
2025-04-14 16:27:14,2.76
2025-04-14 16:45:53,2.76
2025-04-14 16:55:15,2.76
2025-04-14 17:08:10,2.76
2025-04-14 17:27:06,1.76
2025-04-14 17:37:50,1.76
2025-04-14 17:43:59,1.76
2025-04-14 17:49:52,1.76
2025-04-14 17:55:46,1.76
2025-04-14 18:14:11,5.29
2025-04-14 18:39:54,0.76
2025-04-14 18:51:24,0.76
2025-04-14 18:57:06,0.76
2025-04-14 19:10:23,4.89
2025-04-14 19:23:02,-0.24
2025-04-14 19:28:49,-0.24
2025-04-14 19:36:21,-0.24
2025-04-14 19:42:09,-0.24
2025-04-14 19:48:16,-0.24
2025-04-14 19:54:15,-0.24
2025-04-14 19:59:54,-0.24
2025-04-14 20:21:03,-1.24
2025-04-14 20:36:04,-1.24
2025-04-14 20:45:03,-1.24
2025-04-14 20:51:05,-1.24
2025-04-14 20:56:44,-1.24
2025-04-14 21:11:25,0.76
2025-04-14 21:27:06,0.76
2025-04-14 21:35:44,0.76
2025-04-14 21:42:30,0.76
2025-04-14 21:48:30,0.76
2025-04-14 21:54:08,0.76
2025-04-14 22:00:02,0.76
2025-04-14 22:18:14,5.1
2025-04-14 22:34:18,1.76
2025-04-14 22:43:50,1.76
2025-04-14 22:49:48,1.76
2025-04-14 22:55:38,1.76
2025-04-14 23:09:09,1.76
2025-04-14 23:25:33,5.76
2025-04-14 23:33:42,5.76
2025-04-14 23:41:34,5.76
2025-04-14 23:47:22,5.76
2025-04-14 23:53:21,5.76
2025-04-14 23:59:19,5.76
2025-04-15 01:23:16,10.76
2025-04-15 02:46:05,11.76
2025-04-15 03:27:59,12.76
2025-04-15 03:49:17,12.76
2025-04-15 03:56:57,12.76
2025-04-15 04:15:10,12.37
2025-04-15 04:35:02,12.76
2025-04-15 04:47:54,12.76
2025-04-15 04:54:44,12.76
2025-04-15 05:08:44,12.76
2025-04-15 05:30:05,13.76
2025-04-15 05:41:22,13.76
2025-04-15 05:47:17,13.76
2025-04-15 05:53:18,13.76
2025-04-15 05:59:04,13.76
2025-04-15 06:25:04,12.76
2025-04-15 06:44:51,12.76
2025-04-15 06:53:54,12.76
2025-04-15 06:59:32,12.76
2025-04-15 07:18:41,12.76
2025-04-15 07:33:23,12.76
2025-04-15 07:42:34,12.76
2025-04-15 07:48:19,12.76
2025-04-15 07:54:21,12.76
2025-04-15 07:59:58,12.76
2025-04-15 08:26:38,11.9
2025-04-15 08:44:47,11.76
2025-04-15 08:55:03,11.76
2025-04-15 09:09:52,11.76
2025-04-15 09:30:25,9.76
2025-04-15 09:41:44,9.76
2025-04-15 09:47:48,9.76
2025-04-15 09:53:49,9.76
2025-04-15 09:59:44,9.76
2025-04-15 10:20:30,10.05
2025-04-15 10:40:23,8.76
2025-04-15 10:49:40,8.76
2025-04-15 10:55:45,8.76
2025-04-15 11:08:38,8.76
2025-04-15 11:23:24,7.76
2025-04-15 11:30:10,7.76
2025-04-15 11:39:12,7.76
2025-04-15 11:45:00,7.76
2025-04-15 11:50:48,7.76
2025-04-15 11:56:33,7.76
2025-04-15 12:22:32,9.56
2025-04-15 12:59:19,7.76
2025-04-15 13:27:50,6.76
2025-04-15 13:44:33,6.76
2025-04-15 13:51:51,6.76
2025-04-15 13:57:37,6.76
2025-04-15 14:14:20,8.97
2025-04-15 14:34:42,6.76
2025-04-15 14:46:49,6.76
2025-04-15 14:52:53,6.76
2025-04-15 14:58:43,6.76
2025-04-15 15:17:23,8.63
2025-04-15 15:33:45,6.76
2025-04-15 15:44:00,6.76
2025-04-15 15:50:10,6.76
2025-04-15 15:56:08,6.76
2025-04-15 16:11:23,6.76
2025-04-15 16:35:30,5.76
2025-04-15 16:48:39,5.76
2025-04-15 16:55:30,5.76
2025-04-15 17:08:45,5.76
2025-04-15 17:27:57,3.76
2025-04-15 17:38:37,3.76
2025-04-15 17:44:53,3.76
2025-04-15 17:50:58,3.76
2025-04-15 17:56:50,3.76
2025-04-15 18:15:27,3.76
2025-04-15 18:38:59,5.76
2025-04-15 18:50:24,5.76
2025-04-15 18:56:18,5.76
2025-04-15 19:09:08,5.76
2025-04-15 19:22:02,7.45
2025-04-15 19:28:01,4.76
2025-04-15 19:35:51,4.76
2025-04-15 19:41:41,4.76
2025-04-15 19:47:43,4.76
2025-04-15 19:53:26,4.76
2025-04-15 19:59:02,4.76
2025-04-15 20:18:54,5.76
2025-04-15 20:33:48,5.76
2025-04-15 20:43:39,5.76
2025-04-15 20:49:36,5.76
2025-04-15 20:55:45,5.76
2025-04-15 21:09:29,5.76
2025-04-15 21:26:03,5.76
2025-04-15 21:34:42,5.76
2025-04-15 21:41:32,5.76
2025-04-15 21:47:31,5.76
2025-04-15 21:53:28,5.76
2025-04-15 21:59:21,5.76
2025-04-15 22:17:05,5.76
2025-04-15 22:34:06,6.76
2025-04-15 22:43:37,6.76
2025-04-15 22:49:29,6.76
2025-04-15 22:55:27,6.76
2025-04-15 23:09:06,6.76
2025-04-15 23:26:02,9.76
2025-04-15 23:34:50,9.76
2025-04-15 23:42:00,9.76
2025-04-15 23:48:10,9.76
2025-04-15 23:54:16,9.76
2025-04-15 23:59:59,9.76
2025-04-16 01:37:27,12.76
2025-04-16 02:54:22,14.76
2025-04-16 03:28:49,17.76
2025-04-16 03:49:32,17.76
2025-04-16 03:57:03,17.76
2025-04-16 04:15:28,19.76
2025-04-16 04:35:04,19.76
2025-04-16 04:47:00,19.76
2025-04-16 04:54:10,19.76
2025-04-16 05:00:05,19.76
2025-04-16 05:19:08,21.76
2025-04-16 05:35:39,21.76
2025-04-16 05:44:29,21.76
2025-04-16 05:50:26,21.76
2025-04-16 05:56:21,21.76
2025-04-16 06:16:47,20.76
2025-04-16 06:42:45,20.76
2025-04-16 06:53:20,20.76
2025-04-16 06:59:08,20.76
2025-04-16 07:17:12,21.76
2025-04-16 07:30:16,21.76
2025-04-16 07:38:58,21.76
2025-04-16 07:44:52,21.76
2025-04-16 07:50:49,21.76
2025-04-16 07:56:45,21.76
2025-04-16 08:17:24,20.76
2025-04-16 08:41:10,20.76
2025-04-16 08:53:28,20.76
2025-04-16 08:59:22,20.76
2025-04-16 09:19:30,19.76
2025-04-16 09:35:55,19.76
2025-04-16 09:45:33,19.76
2025-04-16 09:51:18,19.76
2025-04-16 09:57:07,19.76
2025-04-16 10:13:56,19.76
2025-04-16 10:36:35,18.76
2025-04-16 10:47:40,18.76
2025-04-16 10:53:35,18.76
2025-04-16 10:59:21,18.76
2025-04-16 11:15:10,17.76
2025-04-16 11:26:31,17.76
2025-04-16 11:33:52,17.76
2025-04-16 11:41:01,17.76
2025-04-16 11:47:02,17.76
2025-04-16 11:53:10,17.76
2025-04-16 11:58:48,17.76
2025-04-16 12:34:02,15.76
2025-04-16 13:06:12,15.76
2025-04-16 13:34:40,15.76
2025-04-16 13:46:42,15.76
2025-04-16 13:52:42,15.76
2025-04-16 13:58:32,15.76
2025-04-16 14:16:39,15.67
2025-04-16 14:34:16,15.76
2025-04-16 14:45:31,15.76
2025-04-16 14:51:22,15.76
2025-04-16 14:57:16,15.76
2025-04-16 15:14:03,15.76
2025-04-16 15:32:54,14.76
2025-04-16 15:44:04,14.76
2025-04-16 15:50:13,14.76
2025-04-16 15:56:08,14.76
2025-04-16 16:13:34,15.76
2025-04-16 16:39:36,15.76
2025-04-16 16:53:22,15.76
2025-04-16 16:59:47,15.76
2025-04-16 17:16:46,15.76
2025-04-16 17:31:33,15.76
2025-04-16 17:41:51,15.76
2025-04-16 17:47:27,15.76
2025-04-16 17:53:28,15.76
2025-04-16 17:59:10,15.76
2025-04-16 18:24:51,13.76
2025-04-16 18:44:22,13.76
2025-04-16 18:53:16,13.76
2025-04-16 18:59:08,13.76
2025-04-16 19:12:37,13.81
2025-04-16 19:23:16,13.81
2025-04-16 19:29:13,13.76
2025-04-16 19:36:51,13.76
2025-04-16 19:42:35,13.76
2025-04-16 19:48:43,13.76
2025-04-16 19:54:22,13.76
2025-04-16 20:00:01,13.76
2025-04-16 20:21:43,13.36
2025-04-16 20:36:26,14.76
2025-04-16 20:45:24,14.76
2025-04-16 20:51:21,14.76
2025-04-16 20:57:10,14.76
2025-04-16 21:12:21,13.05
2025-04-16 21:27:37,12.76
2025-04-16 21:36:57,12.76
2025-04-16 21:43:07,12.76
2025-04-16 21:49:10,12.76
2025-04-16 21:54:51,12.76
2025-04-16 22:07:37,12.76
2025-04-16 22:29:16,15.76
2025-04-16 22:41:25,15.76
2025-04-16 22:47:27,15.76
2025-04-16 22:53:26,15.76
2025-04-16 22:59:18,15.76
2025-04-16 23:16:14,14.87
2025-04-16 23:28:42,17.76
2025-04-16 23:37:18,17.76
2025-04-16 23:44:33,17.76
2025-04-16 23:50:27,17.76
2025-04-16 23:56:23,17.76
2025-04-17 00:55:01,18.76
2025-04-17 02:21:13,21.05
2025-04-17 03:12:39,20.76
2025-04-17 03:43:32,22.76
2025-04-17 03:54:53,22.76
2025-04-17 04:10:39,22.76
2025-04-17 04:33:01,22.76
2025-04-17 04:46:12,22.76
2025-04-17 04:52:46,22.76
2025-04-17 04:58:37,22.76
2025-04-17 05:16:09,24.8
2025-04-17 05:33:26,22.76
2025-04-17 05:43:20,22.76
2025-04-17 05:49:18,22.76
2025-04-17 05:55:01,22.76
2025-04-17 06:12:48,23.76
2025-04-17 06:39:29,23.76
2025-04-17 06:51:16,23.76
2025-04-17 06:57:09,23.76
2025-04-17 07:13:38,23.76
2025-04-17 07:29:28,21.76
2025-04-17 07:40:13,21.76
2025-04-17 07:46:04,21.76
2025-04-17 07:51:40,21.76
2025-04-17 07:57:19,21.76
2025-04-17 08:18:42,19.76
2025-04-17 08:40:41,19.76
2025-04-17 08:52:28,19.76
2025-04-17 08:58:31,19.76
2025-04-17 09:17:31,18.76
2025-04-17 09:33:03,18.76
2025-04-17 09:42:49,18.76
2025-04-17 09:48:43,18.76
2025-04-17 09:54:28,18.76
2025-04-17 10:00:05,18.76
2025-04-17 10:21:25,17.76
2025-04-17 10:40:06,17.76
2025-04-17 10:48:20,17.76
2025-04-17 10:54:20,17.76
2025-04-17 10:59:59,17.76
2025-04-17 11:16:01,17.76
2025-04-17 11:27:07,18.76
2025-04-17 11:34:36,18.76
2025-04-17 11:41:26,18.76
2025-04-17 11:47:25,18.76
2025-04-17 11:53:26,18.76
2025-04-17 11:59:29,18.76
2025-04-17 12:35:29,17.76
2025-04-17 13:05:41,17.76
2025-04-17 13:33:52,16.76
2025-04-17 13:45:29,16.76
2025-04-17 13:51:32,16.76
2025-04-17 13:57:28,16.76
2025-04-17 14:13:29,17.8
2025-04-17 14:32:33,15.76
2025-04-17 14:44:13,15.76
2025-04-17 14:50:12,15.76
2025-04-17 14:55:53,15.76
2025-04-17 15:10:39,15.76
2025-04-17 15:29:47,14.76
2025-04-17 15:40:13,14.76
2025-04-17 15:46:23,14.76
2025-04-17 15:52:31,14.76
2025-04-17 15:58:42,14.76
2025-04-17 16:20:35,16.76
2025-04-17 16:43:08,16.76
2025-04-17 16:54:35,16.76
2025-04-17 17:00:03,16.76
2025-04-17 17:17:18,16.76
2025-04-17 17:32:53,16.76
2025-04-17 17:42:38,16.76
2025-04-17 17:48:47,16.76
2025-04-17 17:54:27,16.76
2025-04-17 18:00:08,16.76
2025-04-17 18:26:44,15.76
2025-04-17 18:44:29,15.76
2025-04-17 18:52:45,15.76
2025-04-17 18:58:40,15.76
2025-04-17 19:12:49,15.76
2025-04-17 19:23:47,15.76
2025-04-17 19:29:34,15.76
2025-04-17 19:37:16,15.76
2025-04-17 19:42:59,15.76
2025-04-17 19:48:53,15.76
2025-04-17 19:54:30,14.76
2025-04-17 20:00:24,14.76
2025-04-17 20:21:37,14.76
2025-04-17 20:35:03,14.76
2025-04-17 20:44:14,14.76
2025-04-17 20:50:05,14.76
2025-04-17 20:55:47,14.76
2025-04-17 21:09:28,14.76
2025-04-17 21:25:36,14.76
2025-04-17 21:32:35,14.76
2025-04-17 21:40:54,14.76
2025-04-17 21:46:51,14.76
2025-04-17 21:52:53,14.76
2025-04-17 21:58:28,14.76
2025-04-17 22:14:39,14.76
2025-04-17 22:31:53,15.76
2025-04-17 22:42:02,15.76
2025-04-17 22:47:57,15.76
2025-04-17 22:53:39,15.76
2025-04-17 22:59:36,15.76
2025-04-17 23:16:57,15.76
2025-04-17 23:29:41,13.76
2025-04-17 23:38:10,13.76
2025-04-17 23:44:06,13.76
2025-04-17 23:50:16,13.76
2025-04-17 23:56:02,13.76
2025-04-18 00:51:41,12.76
2025-04-18 02:17:02,16.76
2025-04-18 03:08:48,16.76
2025-04-18 03:38:40,18.76
2025-04-18 03:52:05,18.76
2025-04-18 03:57:42,18.76
2025-04-18 04:16:52,20.76
2025-04-18 04:37:58,20.76
2025-04-18 04:49:47,20.76
2025-04-18 04:55:41,20.76
2025-04-18 05:10:35,21.76
2025-04-18 05:30:50,21.76
2025-04-18 05:41:40,21.76
2025-04-18 05:47:43,21.76
2025-04-18 05:53:22,21.76
2025-04-18 05:59:01,21.76
2025-04-18 06:24:16,22.76
2025-04-18 06:43:54,22.76
2025-04-18 06:53:09,22.76
2025-04-18 06:58:53,22.76
2025-04-18 07:16:55,24.13
2025-04-18 07:30:55,22.76
2025-04-18 07:39:00,22.76
2025-04-18 07:44:31,22.76
2025-04-18 07:50:17,22.76
2025-04-18 07:56:06,22.76
2025-04-18 08:14:18,23.87
2025-04-18 08:35:02,21.76
2025-04-18 08:47:52,21.76
2025-04-18 08:54:36,21.76
2025-04-18 09:00:37,21.76
2025-04-18 09:21:35,23.37
2025-04-18 09:34:55,20.76
2025-04-18 09:43:05,20.76
2025-04-18 09:48:50,20.76
2025-04-18 09:54:46,20.76
2025-04-18 10:08:25,20.76
2025-04-18 10:33:02,16.76
2025-04-18 10:46:18,16.76
2025-04-18 10:52:30,16.76
2025-04-18 10:58:16,16.76
2025-04-18 11:12:30,16.76
2025-04-18 11:24:20,14.76
2025-04-18 11:30:04,14.76
2025-04-18 11:37:48,14.76
2025-04-18 11:43:38,14.76
2025-04-18 11:49:33,14.76
2025-04-18 11:55:20,14.76
2025-04-18 12:16:24,13.76
2025-04-18 12:54:16,13.76
2025-04-18 13:16:55,13.76
2025-04-18 13:34:59,13.76
2025-04-18 13:43:35,13.76
2025-04-18 13:49:43,13.76
2025-04-18 13:55:34,13.76
2025-04-18 14:08:54,12.76
2025-04-18 14:28:46,12.76
2025-04-18 14:39:44,12.76
2025-04-18 14:45:35,12.76
2025-04-18 14:51:47,12.76
2025-04-18 14:57:31,12.76
2025-04-18 15:13:56,12.76
2025-04-18 15:29:54,14.76
2025-04-18 15:39:40,14.76
2025-04-18 15:45:50,14.76
2025-04-18 15:51:50,14.76
2025-04-18 15:57:48,14.76
2025-04-18 16:17:11,14.76
2025-04-18 16:38:15,14.76
2025-04-18 16:49:33,14.76
2025-04-18 16:55:14,14.76
2025-04-18 17:07:57,14.76
2025-04-18 17:26:29,15.76
2025-04-18 17:36:45,15.76
2025-04-18 17:42:27,15.76
2025-04-18 17:48:11,15.76
2025-04-18 17:54:08,15.76
2025-04-18 17:59:59,15.76
2025-04-18 18:25:52,15.76
2025-04-18 18:42:52,15.76
2025-04-18 18:51:57,15.76
2025-04-18 18:57:35,15.76
2025-04-18 19:10:56,14.76
2025-04-18 19:22:17,14.76
2025-04-18 19:28:14,14.76
2025-04-18 19:36:08,14.76
2025-04-18 19:42:05,14.76
2025-04-18 19:48:09,14.76
2025-04-18 19:53:57,14.76
2025-04-18 19:59:55,14.76
2025-04-18 20:19:46,14.76
2025-04-18 20:32:21,14.76
2025-04-18 20:41:52,14.76
2025-04-18 20:47:54,14.76
2025-04-18 20:53:43,14.76
2025-04-18 20:59:37,14.76
2025-04-18 21:16:39,14.76
2025-04-18 21:29:39,14.76
2025-04-18 21:37:36,14.76
2025-04-18 21:43:28,14.76
2025-04-18 21:49:23,14.76
2025-04-18 21:55:03,14.76
2025-04-18 22:07:42,15.76
2025-04-18 22:28:59,15.76
2025-04-18 22:40:50,15.76
2025-04-18 22:47:02,15.76
2025-04-18 22:52:53,15.76
2025-04-18 22:58:31,15.76
2025-04-18 23:14:40,16.76
2025-04-18 23:28:27,16.76
2025-04-18 23:36:29,16.76
2025-04-18 23:42:40,16.76
2025-04-18 23:48:33,16.76
2025-04-18 23:54:19,16.76
2025-04-18 23:59:56,16.76
2025-04-19 01:24:31,17.76
2025-04-19 02:37:44,18.76
2025-04-19 03:17:34,20.09
2025-04-19 03:42:38,17.76
2025-04-19 03:51:53,17.76
2025-04-19 03:57:42,17.76
2025-04-19 04:16:27,18.76
2025-04-19 04:34:28,18.76
2025-04-19 04:44:34,18.76
2025-04-19 04:50:37,18.76
2025-04-19 04:56:49,18.76
2025-04-19 05:12:03,20.37
2025-04-19 05:31:22,12.76
2025-04-19 05:41:35,12.76
2025-04-19 05:47:24,12.76
2025-04-19 05:53:18,12.76
2025-04-19 05:59:08,12.76
2025-04-19 06:22:52,14.76
2025-04-19 06:42:26,14.76
2025-04-19 06:50:52,14.76
2025-04-19 06:56:31,14.76
2025-04-19 07:10:18,14.76
2025-04-19 07:23:50,13.76
2025-04-19 07:29:28,13.76
2025-04-19 07:36:13,13.76
2025-04-19 07:42:11,13.76
2025-04-19 07:48:09,13.76
2025-04-19 07:53:47,13.76
2025-04-19 07:59:37,12.76
2025-04-19 08:20:52,11.76
2025-04-19 08:36:43,11.76
2025-04-19 08:46:24,11.76
2025-04-19 08:52:02,11.76
2025-04-19 08:58:06,10.76
2025-04-19 09:13:57,10.76
2025-04-19 09:28:11,10.76
2025-04-19 09:35:58,10.76
2025-04-19 09:41:57,10.76
2025-04-19 09:47:49,10.76
2025-04-19 09:53:38,10.76
2025-04-19 09:59:44,10.76
2025-04-19 10:17:38,10.76
2025-04-19 10:33:45,10.76
2025-04-19 10:42:24,10.76
2025-04-19 10:48:23,10.76
2025-04-19 10:54:06,10.76
2025-04-19 11:00:03,10.76
2025-04-19 11:15:33,10.76
2025-04-19 11:25:21,10.76
2025-04-19 11:31:32,10.76
2025-04-19 11:38:06,10.76
2025-04-19 11:44:01,10.76
2025-04-19 11:49:50,10.76
2025-04-19 11:55:56,10.76
2025-04-19 12:16:37,11.76
2025-04-19 12:51:15,11.76
2025-04-19 13:12:14,11.76
2025-04-19 13:31:16,11.76
2025-04-19 13:39:59,11.76
2025-04-19 13:45:49,11.76
2025-04-19 13:51:47,11.76
2025-04-19 13:57:31,11.76
2025-04-19 14:11:37,11.76
2025-04-19 14:28:36,11.76
2025-04-19 14:37:49,11.76
2025-04-19 14:43:43,11.76
2025-04-19 14:49:26,11.76
2025-04-19 14:55:17,11.76
2025-04-19 15:07:35,11.76
2025-04-19 15:25:44,9.76
2025-04-19 15:34:03,9.76
2025-04-19 15:40:35,9.76
2025-04-19 15:46:43,9.76
2025-04-19 15:52:51,9.76
2025-04-19 15:58:35,9.76
2025-04-19 16:18:52,9.76
2025-04-19 16:37:55,9.76
2025-04-19 16:47:54,9.76
2025-04-19 16:53:38,9.76
2025-04-19 16:59:16,9.76
2025-04-19 17:14:25,9.76
2025-04-19 17:28:26,8.76
2025-04-19 17:37:37,8.76
2025-04-19 17:43:14,8.76
2025-04-19 17:48:50,8.76
2025-04-19 17:54:35,8.76
2025-04-19 18:00:26,8.76
2025-04-19 18:25:03,9.76
2025-04-19 18:40:09,9.76
2025-04-19 18:48:01,9.76
2025-04-19 18:53:43,9.76
2025-04-19 18:59:21,9.76
2025-04-19 19:13:59,9.76
2025-04-19 19:23:52,9.76
2025-04-19 19:29:42,9.76
2025-04-19 19:36:36,9.76
2025-04-19 19:42:23,9.76
2025-04-19 19:48:28,9.76
2025-04-19 19:54:20,9.76
2025-04-19 19:59:52,9.76
2025-04-19 20:19:05,11.17
2025-04-19 20:32:15,8.76
2025-04-19 20:41:09,8.76
2025-04-19 20:46:48,8.76
2025-04-19 20:52:24,8.76
2025-04-19 20:58:10,8.76
2025-04-19 21:12:49,8.76
2025-04-19 21:26:59,8.76
2025-04-19 21:34:51,8.76
2025-04-19 21:40:53,8.76
2025-04-19 21:46:46,8.76
2025-04-19 21:52:37,8.76
2025-04-19 21:58:30,8.76
2025-04-19 22:14:01,12.15
2025-04-19 22:30:52,8.76
2025-04-19 22:40:29,8.76
2025-04-19 22:46:30,8.76
2025-04-19 22:52:24,8.76
2025-04-19 22:58:01,8.76
2025-04-19 23:14:57,9.76
2025-04-19 23:28:54,9.76
2025-04-19 23:37:32,9.76
2025-04-19 23:43:33,17.14
2025-04-19 23:49:20,9.76
2025-04-19 23:54:58,9.76
2025-04-20 00:45:01,11.76
2025-04-20 02:24:00,17.76
2025-04-20 03:15:38,18.76
2025-04-20 03:45:53,18.76
2025-04-20 03:56:38,18.76
2025-04-20 04:13:17,20.76
2025-04-20 04:32:21,20.76
2025-04-20 04:43:42,20.76
2025-04-20 04:50:31,20.76
2025-04-20 04:56:36,20.76
2025-04-20 05:11:08,21.76
2025-04-20 05:30:43,21.76
2025-04-20 05:41:00,21.76
2025-04-20 05:47:07,21.76
2025-04-20 05:53:00,21.76
2025-04-20 05:58:43,21.76
2025-04-20 06:21:39,22.76
2025-04-20 06:41:32,22.76
2025-04-20 06:50:45,22.76
2025-04-20 06:56:24,22.76
2025-04-20 07:11:04,25.96
2025-04-20 07:25:39,22.76
2025-04-20 07:33:35,22.76
2025-04-20 07:40:24,22.76
2025-04-20 07:46:22,22.76
2025-04-20 07:52:20,22.76
2025-04-20 07:58:13,22.76
2025-04-20 08:17:23,22.76
2025-04-20 08:33:56,22.76
2025-04-20 08:44:17,22.76
2025-04-20 08:50:15,22.76
2025-04-20 08:56:05,22.76
2025-04-20 09:09:50,22.76
2025-04-20 09:26:03,19.76
2025-04-20 09:33:46,19.76
2025-04-20 09:41:39,19.76
2025-04-20 09:47:33,19.76
2025-04-20 09:53:17,19.76
2025-04-20 09:59:08,19.76
2025-04-20 10:16:41,17.76
2025-04-20 10:35:40,17.76
2025-04-20 10:44:53,17.76
2025-04-20 10:51:03,17.76
2025-04-20 10:56:50,17.76
2025-04-20 11:09:59,17.76
2025-04-20 11:22:29,19.22
2025-04-20 11:28:32,16.76
2025-04-20 11:36:25,16.76
2025-04-20 11:41:56,16.76
2025-04-20 11:47:41,16.76
2025-04-20 11:53:41,16.76
2025-04-20 11:59:34,16.76
2025-04-20 12:32:54,14.76
2025-04-20 13:00:42,14.76
2025-04-20 13:26:30,13.76
2025-04-20 13:39:52,13.76
2025-04-20 13:45:53,13.76
2025-04-20 13:51:32,13.76
2025-04-20 13:57:33,13.76
2025-04-20 14:11:40,13.76
2025-04-20 14:29:35,12.76
2025-04-20 14:39:59,12.76
2025-04-20 14:46:06,12.76
2025-04-20 14:52:01,12.76
2025-04-20 14:57:48,12.76
2025-04-20 15:13:01,12.76
2025-04-20 15:28:35,12.76
2025-04-20 15:37:07,12.76
2025-04-20 15:43:57,12.76
2025-04-20 15:49:50,12.76
2025-04-20 15:55:29,12.76
2025-04-20 16:10:04,12.76
2025-04-20 16:32:40,11.76
2025-04-20 16:44:58,11.76
2025-04-20 16:50:45,11.76
2025-04-20 16:56:18,11.76
2025-04-20 17:10:26,11.76
2025-04-20 17:28:02,11.76
2025-04-20 17:37:33,11.76
2025-04-20 17:43:58,11.76
2025-04-20 17:49:57,11.76
2025-04-20 17:55:46,11.76
2025-04-20 18:12:25,11.76
2025-04-20 18:35:11,10.76
2025-04-20 18:47:38,10.76
2025-04-20 18:53:45,10.76
2025-04-20 18:59:37,10.76
2025-04-20 19:14:41,11.76
2025-04-20 19:23:49,11.76
2025-04-20 19:29:38,11.76
2025-04-20 19:36:36,11.76
2025-04-20 19:42:17,11.76
2025-04-20 19:48:23,11.76
2025-04-20 19:54:14,11.76
2025-04-20 20:00:09,11.76
2025-04-20 20:19:39,10.76
2025-04-20 20:31:57,10.76
2025-04-20 20:41:36,10.76
2025-04-20 20:47:37,10.76
2025-04-20 20:53:13,10.76
2025-04-20 20:59:20,10.76
2025-04-20 21:15:09,10.76
2025-04-20 21:27:14,15.18
2025-04-20 21:34:17,10.76
2025-04-20 21:40:54,10.76
2025-04-20 21:46:46,10.76
2025-04-20 21:52:30,10.76
2025-04-20 21:58:26,10.76
2025-04-20 22:14:32,10.76
2025-04-20 22:32:33,13.76
2025-04-20 22:42:46,13.76
2025-04-20 22:48:42,13.76
2025-04-20 22:54:36,13.76
2025-04-20 23:00:21,13.76
2025-04-20 23:17:55,17.76
2025-04-20 23:29:04,17.76
2025-04-20 23:36:33,17.76
2025-04-20 23:42:12,17.76
2025-04-20 23:48:12,17.76
2025-04-20 23:54:03,17.76
2025-04-21 00:00:04,17.76
2025-04-21 01:41:37,20.76
2025-04-21 03:02:22,21.76
2025-04-21 03:44:07,22.76
2025-04-21 03:59:26,22.76
2025-04-21 04:21:09,23.98
2025-04-21 04:40:15,24.76
2025-04-21 04:51:21,24.76
2025-04-21 04:57:10,24.76
2025-04-21 05:13:52,24.76
2025-04-21 05:33:15,25.76
2025-04-21 05:45:50,25.76
2025-04-21 05:52:03,25.76
2025-04-21 05:57:59,25.76
2025-04-21 06:21:26,25.71
2025-04-21 06:44:17,24.76
2025-04-21 06:54:46,24.76
2025-04-21 07:08:45,24.76
2025-04-21 07:26:33,25.76
2025-04-21 07:35:45,25.76
2025-04-21 07:42:09,25.76
2025-04-21 07:47:58,25.76
2025-04-21 07:53:36,25.76
2025-04-21 07:59:27,25.76
2025-04-21 08:24:57,24.76
2025-04-21 08:43:00,24.76
2025-04-21 08:54:37,24.76
2025-04-21 09:00:09,24.76
2025-04-21 09:21:06,22.76
2025-04-21 09:34:05,22.76
2025-04-21 09:42:53,22.76
2025-04-21 09:48:45,22.76
2025-04-21 09:54:30,22.76
2025-04-21 10:00:26,22.76
2025-04-21 10:21:18,21.76
2025-04-21 10:41:57,21.76
2025-04-21 10:50:38,21.76
2025-04-21 10:56:28,21.76
2025-04-21 11:09:53,21.76
2025-04-21 11:23:36,21.04
2025-04-21 11:29:55,20.76
2025-04-21 11:37:11,20.76
2025-04-21 11:43:01,20.76
2025-04-21 11:48:54,20.76
2025-04-21 11:54:30,20.76
2025-04-21 12:00:28,20.76
2025-04-21 12:39:36,19.76
2025-04-21 13:05:56,19.76
2025-04-21 13:33:33,17.76
2025-04-21 13:44:35,17.76
2025-04-21 13:50:26,17.76
2025-04-21 13:56:13,17.76
2025-04-21 14:10:12,17.76
2025-04-21 14:30:22,17.76
2025-04-21 14:41:37,17.76
2025-04-21 14:47:34,17.76
2025-04-21 14:53:12,17.76
2025-04-21 14:58:46,17.76
2025-04-21 15:17:21,19
2025-04-21 15:33:01,17.76
2025-04-21 15:43:15,17.76
2025-04-21 15:49:12,17.76
2025-04-21 15:55:22,17.76
2025-04-21 16:11:01,17.76
2025-04-21 16:36:36,17.76
2025-04-21 16:50:11,17.76
2025-04-21 16:55:44,17.76
2025-04-21 17:08:28,17.76
2025-04-21 17:27:28,17.76
2025-04-21 17:38:40,17.76
2025-04-21 17:44:51,17.76
2025-04-21 17:50:50,17.76
2025-04-21 17:56:41,17.76
2025-04-21 18:16:27,17.76
2025-04-21 18:40:49,17.76
2025-04-21 18:52:04,17.76
2025-04-21 18:58:02,17.76
2025-04-21 19:12:05,17.76
2025-04-21 19:24:19,17.76
2025-04-21 19:30:06,17.76
2025-04-21 19:37:11,17.76
2025-04-21 19:42:47,17.76
2025-04-21 19:48:54,17.76
2025-04-21 19:54:48,17.76
2025-04-21 20:09:11,17.76
2025-04-21 20:29:03,16.76
2025-04-21 20:39:34,16.76
2025-04-21 20:45:30,16.76
2025-04-21 20:51:23,16.76
2025-04-21 20:57:21,16.76
2025-04-21 21:12:49,16.76
2025-04-21 21:27:22,16.76
2025-04-21 21:36:50,16.76
2025-04-21 21:43:48,16.76
2025-04-21 21:49:43,16.76
2025-04-21 21:55:35,16.76
2025-04-21 22:09:45,16.76
2025-04-21 22:30:32,16.76
2025-04-21 22:41:28,16.76
2025-04-21 22:47:35,16.76
2025-04-21 22:53:12,16.76
2025-04-21 22:59:16,16.76
2025-04-21 23:16:35,16.76
2025-04-21 23:29:05,17.76
2025-04-21 23:37:43,17.76
2025-04-21 23:44:16,17.76
2025-04-21 23:49:49,17.76
2025-04-21 23:55:28,17.76
2025-04-22 00:46:20,17.76
2025-04-22 02:19:56,17.76
2025-04-22 03:11:39,17.76
2025-04-22 03:44:02,15.76
2025-04-22 03:56:34,15.76
2025-04-22 04:13:36,15.76
2025-04-22 04:34:52,15.76
2025-04-22 04:47:27,15.76
2025-04-22 04:54:42,15.76
2025-04-22 05:00:49,15.76
2025-04-22 05:20:49,15.76
2025-04-22 05:37:13,15.76
2025-04-22 05:45:23,15.76
2025-04-22 05:51:14,15.76
2025-04-22 05:57:07,15.76
2025-04-22 06:19:03,16.76
2025-04-22 06:43:30,16.76
2025-04-22 06:53:12,16.76
2025-04-22 06:58:58,16.76
2025-04-22 07:17:14,16.76
2025-04-22 07:30:49,16.76
2025-04-22 07:39:34,16.76
2025-04-22 07:45:18,16.76
2025-04-22 07:51:01,16.76
2025-04-22 07:56:37,16.76
2025-04-22 08:16:32,16.76
2025-04-22 08:40:27,16.76
2025-04-22 08:52:31,16.76
2025-04-22 08:58:26,16.76
2025-04-22 09:17:17,16.76
2025-04-22 09:32:56,16.76
2025-04-22 09:43:03,16.76
2025-04-22 09:49:07,16.76
2025-04-22 09:54:51,16.76
2025-04-22 10:09:02,16.76
2025-04-22 10:33:10,16.76
2025-04-22 10:45:33,16.76
2025-04-22 10:51:37,16.76
2025-04-22 10:57:36,16.76
2025-04-22 11:12:12,16.76
2025-04-22 11:26:13,16.76
2025-04-22 11:34:29,16.76
2025-04-22 11:41:21,16.76
2025-04-22 11:47:02,16.76
2025-04-22 11:52:57,16.76
2025-04-22 11:58:50,16.76
2025-04-22 12:33:23,14.76
2025-04-22 13:05:34,14.76
2025-04-22 13:34:26,14.76
2025-04-22 13:46:32,14.76
2025-04-22 13:52:42,14.76
2025-04-22 13:58:31,14.76
2025-04-22 14:16:13,14.76
2025-04-22 14:35:31,14.76
2025-04-22 14:46:40,14.76
2025-04-22 14:52:24,14.76
2025-04-22 14:58:08,14.76
2025-04-22 15:15:58,14.76
2025-04-22 15:32:51,13.76
2025-04-22 15:43:09,13.76
2025-04-22 15:49:08,13.76
2025-04-22 15:54:44,13.76
2025-04-22 16:10:00,12.76
2025-04-22 16:35:45,12.76
2025-04-22 16:49:46,12.76
2025-04-22 16:56:26,12.76
2025-04-22 17:10:53,12.76
2025-04-22 17:29:50,10.76
2025-04-22 17:40:34,10.76
2025-04-22 17:46:02,14.49
2025-04-22 17:51:55,10.76
2025-04-22 17:58:00,10.76
2025-04-22 18:20:20,9.76
2025-04-22 18:42:44,9.76
2025-04-22 18:52:36,9.76
2025-04-22 18:58:25,9.76
2025-04-22 19:13:01,9.76
2025-04-22 19:24:50,13.82
2025-04-22 19:30:44,9.76
2025-04-22 19:38:13,9.76
2025-04-22 19:44:09,9.76
2025-04-22 19:49:56,9.76
2025-04-22 19:55:53,9.76
2025-04-22 20:11:31,9.76
2025-04-22 20:31:13,9.76
2025-04-22 20:42:14,9.76
2025-04-22 20:48:59,9.76
2025-04-22 20:55:02,9.76
2025-04-22 21:07:45,9.76
2025-04-22 21:25:25,9.76
2025-04-22 21:34:17,9.76
2025-04-22 21:41:11,9.76
2025-04-22 21:47:10,9.76
2025-04-22 21:53:12,9.76
2025-04-22 21:58:59,9.76
2025-04-22 22:15:57,13.49
2025-04-22 22:33:52,11.76
2025-04-22 22:44:09,11.76
2025-04-22 22:50:01,11.76
2025-04-22 22:55:50,11.76
2025-04-22 23:09:14,11.76
2025-04-22 23:25:17,14.55
2025-04-22 23:34:53,13.76
2025-04-22 23:43:06,13.76
2025-04-22 23:49:02,13.76
2025-04-22 23:54:41,13.76
2025-04-23 00:39:05,16.76
2025-04-23 02:17:30,20.02
2025-04-23 03:12:01,18.76
2025-04-23 03:43:09,19.76
2025-04-23 03:54:23,19.76
2025-04-23 04:00:07,19.76
2025-04-23 04:23:49,21.76
2025-04-23 04:42:06,21.76
2025-04-23 04:52:50,21.76
2025-04-23 04:58:50,21.76
2025-04-23 05:16:58,20.76
2025-04-23 05:33:52,20.76
2025-04-23 05:44:02,20.76
2025-04-23 05:49:53,20.76
2025-04-23 05:55:42,20.76
2025-04-23 06:14:40,23.35
2025-04-23 06:41:52,20.76
2025-04-23 06:52:43,20.76
2025-04-23 06:58:35,20.76
2025-04-23 07:20:28,23.9
2025-04-23 07:35:01,21.76
2025-04-23 07:44:07,21.76
2025-04-23 07:49:41,21.76
2025-04-23 07:55:43,21.76
2025-04-23 08:14:00,21.76
2025-04-23 08:37:33,20.76
2025-04-23 08:52:00,20.76
2025-04-23 08:58:25,20.76
2025-04-23 09:17:43,22.09
2025-04-23 09:33:33,19.76
2025-04-23 09:43:25,19.76
2025-04-23 09:49:24,19.76
2025-04-23 09:55:27,19.76
2025-04-23 10:10:57,16.76
2025-04-23 10:35:57,16.76
2025-04-23 10:47:49,16.76
2025-04-23 10:54:37,16.76
2025-04-23 11:00:21,16.76
2025-04-23 11:17:14,14.76
2025-04-23 11:28:32,14.76
2025-04-23 11:36:11,14.76
2025-04-23 11:42:02,14.76
2025-04-23 11:48:05,14.76
2025-04-23 11:54:00,14.76
2025-04-23 11:59:40,14.76
2025-04-23 12:37:53,13.76
2025-04-23 13:07:34,13.76
2025-04-23 13:36:16,11.76
2025-04-23 13:47:56,11.76
2025-04-23 13:54:01,11.76
2025-04-23 13:59:38,11.76
2025-04-23 14:19:24,11.76
2025-04-23 14:40:00,11.76
2025-04-23 14:49:44,11.76
2025-04-23 14:55:27,11.76
2025-04-23 15:10:18,11.76
2025-04-23 15:31:44,11.76
2025-04-23 15:43:36,11.76
2025-04-23 15:50:36,11.76
2025-04-23 15:56:45,11.76
2025-04-23 16:15:19,13.58
2025-04-23 16:41:29,10.76
2025-04-23 16:54:40,10.76
2025-04-23 17:00:52,10.76
2025-04-23 17:18:49,9.76
2025-04-23 17:33:52,9.76
2025-04-23 17:43:36,9.76
2025-04-23 17:49:38,9.76
2025-04-23 17:55:25,9.76
2025-04-23 18:13:22,13.91
2025-04-23 18:42:13,9.76
2025-04-23 18:53:52,9.76
2025-04-23 18:59:35,9.76
2025-04-23 19:15:10,13.43
2025-04-23 19:25:55,9.76
2025-04-23 19:32:32,9.76
2025-04-23 19:39:56,9.76
2025-04-23 19:45:49,9.76
2025-04-23 19:51:50,9.76
2025-04-23 19:57:34,9.76
2025-04-23 20:15:47,9.76
2025-04-23 20:32:35,9.76
2025-04-23 20:43:13,9.76
2025-04-23 20:49:52,9.76
2025-04-23 20:55:50,9.76
2025-04-23 21:09:32,9.76
2025-04-23 21:26:47,8.76
2025-04-23 21:35:52,8.76
2025-04-23 21:43:24,8.76
2025-04-23 21:49:14,8.76
2025-04-23 21:54:53,8.76
2025-04-23 22:07:47,8.76
2025-04-23 22:29:32,10.76
2025-04-23 22:41:40,10.76
2025-04-23 22:48:03,10.76
2025-04-23 22:53:42,10.76
2025-04-23 22:59:38,10.76
2025-04-23 23:17:40,15.21
2025-04-23 23:30:29,12.76
2025-04-23 23:39:29,12.76
2025-04-23 23:45:14,12.76
2025-04-23 23:50:55,12.76
2025-04-23 23:56:57,12.76
2025-04-24 01:00:56,14.76
2025-04-24 02:38:10,17.76
2025-04-24 03:27:09,17.76
2025-04-24 03:49:42,17.76
2025-04-24 03:57:40,17.76
2025-04-24 04:17:04,20.14
2025-04-24 04:37:12,17.76
2025-04-24 04:48:09,17.76
2025-04-24 04:54:12,17.76
2025-04-24 04:59:49,17.76
2025-04-24 05:19:01,17.76
2025-04-24 05:35:48,17.76
2025-04-24 05:45:01,17.76
2025-04-24 05:50:53,17.76
2025-04-24 05:56:45,17.76
2025-04-24 06:18:11,18.76
2025-04-24 06:43:45,18.76
2025-04-24 06:54:15,18.76
2025-04-24 07:00:05,18.76
2025-04-24 07:19:48,20.48
2025-04-24 07:32:11,17.76
2025-04-24 07:41:23,17.76
2025-04-24 07:47:21,17.76
2025-04-24 07:53:23,17.76
2025-04-24 07:59:18,17.76
2025-04-24 08:23:44,16.76
2025-04-24 08:43:13,16.76
2025-04-24 08:54:10,16.76
2025-04-24 08:59:51,16.76
2025-04-24 09:21:05,15.76
2025-04-24 09:35:48,15.76
2025-04-24 09:45:06,15.76
2025-04-24 09:51:08,15.76
2025-04-24 09:56:59,15.76
2025-04-24 10:14:02,13.76
2025-04-24 10:36:05,13.76
2025-04-24 10:47:29,13.76
2025-04-24 10:53:27,13.76
2025-04-24 10:59:30,13.76
2025-04-24 11:15:30,13.76
2025-04-24 11:27:37,12.76
2025-04-24 11:35:23,12.76
2025-04-24 11:41:24,12.76
2025-04-24 11:47:20,12.76
2025-04-24 11:53:07,12.76
2025-04-24 11:59:03,12.76
2025-04-24 12:36:02,11.76
2025-04-24 13:07:36,11.76
2025-04-24 13:36:40,10.76
2025-04-24 13:48:27,10.76
2025-04-24 13:54:24,10.76
2025-04-24 14:00:14,10.76
2025-04-24 14:18:22,9.76
2025-04-24 14:37:08,9.76
2025-04-24 14:47:39,9.76
2025-04-24 14:53:35,9.76
2025-04-24 14:59:35,9.76
2025-04-24 15:19:59,9.76
2025-04-24 15:36:29,9.76
2025-04-24 15:46:30,9.76
2025-04-24 15:52:29,9.76
2025-04-24 15:58:31,9.76
2025-04-24 16:20:29,8.76
2025-04-24 16:42:47,8.76
2025-04-24 16:55:01,8.76
2025-04-24 17:08:04,8.76
2025-04-24 17:27:02,7.76
2025-04-24 17:36:47,7.76
2025-04-24 17:43:23,7.76
2025-04-24 17:49:16,7.76
2025-04-24 17:54:57,7.76
2025-04-24 18:10:59,8.76
2025-04-24 18:37:29,8.76
2025-04-24 18:50:44,8.76
2025-04-24 18:56:38,8.76
2025-04-24 19:09:33,8.76
2025-04-24 19:23:50,7.76
2025-04-24 19:30:33,7.76
2025-04-24 19:38:59,7.76
2025-04-24 19:44:39,7.76
2025-04-24 19:50:20,7.76
2025-04-24 19:56:05,7.76
2025-04-24 20:12:28,10.72
2025-04-24 20:31:15,6.76
2025-04-24 20:42:20,6.76
2025-04-24 20:49:33,6.76
2025-04-24 20:55:35,6.76
2025-04-24 21:09:14,6.76
2025-04-24 21:27:42,7.76
2025-04-24 21:37:21,7.76
2025-04-24 21:44:04,7.76
2025-04-24 21:49:54,7.76
2025-04-24 21:55:37,7.76
2025-04-24 22:09:17,7.76
2025-04-24 22:31:41,9.76
2025-04-24 22:43:46,9.76
2025-04-24 22:49:24,9.76
2025-04-24 22:55:28,9.76
2025-04-24 23:09:07,11.76
2025-04-24 23:25:45,11.76
2025-04-24 23:33:58,11.76
2025-04-24 23:43:14,11.76
2025-04-24 23:49:03,11.76
2025-04-24 23:54:55,11.76
2025-04-25 00:41:31,13.76
2025-04-25 02:19:42,15.76
2025-04-25 03:13:42,16.76
2025-04-25 03:44:16,16.76
2025-04-25 03:55:27,16.76
2025-04-25 04:11:58,16.76
2025-04-25 04:33:50,16.76
2025-04-25 04:46:49,16.76
2025-04-25 04:54:08,16.76
2025-04-25 04:59:45,16.76
2025-04-25 05:18:35,16.76
2025-04-25 05:34:45,16.76
2025-04-25 05:43:56,16.76
2025-04-25 05:49:37,16.76
2025-04-25 05:55:20,16.76
2025-04-25 06:13:39,16.76
2025-04-25 06:41:08,16.76
2025-04-25 06:52:38,16.76
2025-04-25 06:58:15,16.76
2025-04-25 07:15:13,16.76
2025-04-25 07:28:39,16.76
2025-04-25 07:36:46,16.76
2025-04-25 07:42:27,16.76
2025-04-25 07:48:12,16.76
2025-04-25 07:54:07,16.76
2025-04-25 07:59:45,16.76
2025-04-25 08:25:17,15.76
2025-04-25 08:42:51,15.76
2025-04-25 08:54:51,15.76
2025-04-25 09:08:55,15.76
2025-04-25 09:29:26,14.76
2025-04-25 09:39:52,14.76
2025-04-25 09:45:30,14.76
2025-04-25 09:51:37,14.76
2025-04-25 09:57:42,14.76
2025-04-25 10:15:15,14.99
2025-04-25 10:35:28,12.76
2025-04-25 10:46:36,12.76
2025-04-25 10:52:35,12.76
2025-04-25 10:58:28,12.76
2025-04-25 11:13:02,11.76
2025-04-25 11:25:43,11.76
2025-04-25 11:33:12,11.76
2025-04-25 11:39:57,11.76
2025-04-25 11:45:56,11.76
2025-04-25 11:52:06,11.76
2025-04-25 11:57:58,11.76
2025-04-25 12:29:48,11.76
2025-04-25 13:03:14,11.76
2025-04-25 13:32:56,10.76
2025-04-25 13:44:59,10.76
2025-04-25 13:51:00,10.76
2025-04-25 13:56:48,10.76
2025-04-25 14:11:56,10.76
2025-04-25 14:31:52,7.76
2025-04-25 14:43:35,7.76
2025-04-25 14:49:38,7.76
2025-04-25 14:55:35,7.76
2025-04-25 15:09:59,11.66
2025-04-25 15:29:21,8.76
2025-04-25 15:40:07,8.76
2025-04-25 15:46:37,8.76
2025-04-25 15:52:41,8.76
2025-04-25 15:58:28,8.76
2025-04-25 16:19:21,11.36
2025-04-25 16:41:14,7.76
2025-04-25 16:54:35,7.76
2025-04-25 17:00:11,7.76
2025-04-25 17:16:49,5.76
2025-04-25 17:31:20,5.76
2025-04-25 17:40:58,5.76
2025-04-25 17:46:57,5.76
2025-04-25 17:53:04,5.76
2025-04-25 17:58:55,5.76
2025-04-25 18:23:03,6.76
2025-04-25 18:42:53,6.76
2025-04-25 18:52:22,6.76
2025-04-25 18:58:16,6.76
2025-04-25 19:12:27,6.76
2025-04-25 19:24:06,5.76
2025-04-25 19:29:44,5.76
2025-04-25 19:36:55,5.76
2025-04-25 19:42:48,5.76
2025-04-25 19:48:42,5.76
2025-04-25 19:54:19,5.76
2025-04-25 19:59:59,5.76
2025-04-25 20:20:50,10.05
2025-04-25 20:34:30,4.76
2025-04-25 20:45:24,4.76
2025-04-25 20:52:09,4.76
2025-04-25 20:57:45,4.76
2025-04-25 21:13:02,5.76
2025-04-25 21:28:18,5.76
2025-04-25 21:37:08,5.76
2025-04-25 21:43:58,5.76
2025-04-25 21:49:45,5.76
2025-04-25 21:55:26,5.76
2025-04-25 22:08:39,5.76
2025-04-25 22:31:06,8.76
2025-04-25 22:44:11,8.76
2025-04-25 22:51:27,8.76
2025-04-25 22:57:18,8.76
2025-04-25 23:12:34,8.76
2025-04-25 23:27:00,11.76
2025-04-25 23:35:43,11.76
2025-04-25 23:42:21,11.76
2025-04-25 23:48:19,11.76
2025-04-25 23:54:24,11.76
2025-04-26 00:00:01,11.76
2025-04-26 01:26:52,15.76
2025-04-26 02:42:42,17.76
2025-04-26 03:21:31,19.34
2025-04-26 03:45:28,17.76
2025-04-26 03:54:41,17.76
2025-04-26 04:00:49,17.76
2025-04-26 04:24:56,17.76
2025-04-26 04:40:03,17.76
2025-04-26 04:48:33,17.76
2025-04-26 04:54:06,17.76
2025-04-26 05:00:00,17.76
2025-04-26 05:17:37,20.47
2025-04-26 05:33:22,17.76
2025-04-26 05:43:25,17.76
2025-04-26 05:49:36,17.76
2025-04-26 05:55:40,17.76
2025-04-26 06:12:52,16.76
2025-04-26 06:36:03,16.76
2025-04-26 06:47:16,16.76
2025-04-26 06:53:03,16.76
2025-04-26 06:58:47,16.76
2025-04-26 07:14:35,19.47
2025-04-26 07:26:25,16.76
2025-04-26 07:32:50,16.76
2025-04-26 07:39:38,16.76
2025-04-26 07:45:29,16.76
2025-04-26 07:51:25,16.76
2025-04-26 07:57:05,16.76
2025-04-26 08:15:24,16.76
2025-04-26 08:33:47,16.76
2025-04-26 08:45:03,16.76
2025-04-26 08:51:10,16.76
2025-04-26 08:56:53,16.76
2025-04-26 09:12:11,14.76
2025-04-26 09:27:37,14.76
2025-04-26 09:35:55,14.76
2025-04-26 09:41:42,14.76
2025-04-26 09:47:34,14.76
2025-04-26 09:53:26,14.76
2025-04-26 09:59:19,14.76
2025-04-26 10:16:54,13.76
2025-04-26 10:33:42,13.76
2025-04-26 10:42:52,13.76
2025-04-26 10:48:59,13.76
2025-04-26 10:54:33,13.76
2025-04-26 11:00:27,13.76
2025-04-26 11:15:16,13.76
2025-04-26 11:24:28,13.76
2025-04-26 11:30:11,13.76
2025-04-26 11:37:21,13.76
2025-04-26 11:43:19,13.76
2025-04-26 11:48:58,13.76
2025-04-26 11:54:47,13.76
2025-04-26 12:12:47,13.76
2025-04-26 12:50:15,13.76
2025-04-26 13:12:22,13.76
2025-04-26 13:30:42,12.76
2025-04-26 13:40:55,12.76
2025-04-26 13:46:37,12.76
2025-04-26 13:52:40,12.76
2025-04-26 13:58:20,12.76
2025-04-26 14:12:52,12.76
2025-04-26 14:29:10,11.76
2025-04-26 14:38:29,11.76
2025-04-26 14:44:28,11.76
2025-04-26 14:50:16,11.76
2025-04-26 14:55:53,11.76
2025-04-26 15:08:56,13.22
2025-04-26 15:26:22,8.76
2025-04-26 15:35:12,8.76
2025-04-26 15:41:30,8.76
2025-04-26 15:47:33,8.76
2025-04-26 15:53:26,8.76
2025-04-26 15:59:19,8.76
2025-04-26 16:20:20,7.76
2025-04-26 16:38:15,7.76
2025-04-26 16:47:30,7.76
2025-04-26 16:53:15,7.76
2025-04-26 16:59:05,7.76
2025-04-26 17:13:11,7.76
2025-04-26 17:27:16,8.76
2025-04-26 17:35:09,8.76
2025-04-26 17:41:05,8.76
2025-04-26 17:46:57,8.76
2025-04-26 17:52:39,8.76
2025-04-26 17:58:16,8.76
2025-04-26 18:18:56,8.76
2025-04-26 18:38:24,7.76
2025-04-26 18:47:07,7.76
2025-04-26 18:53:01,7.76
2025-04-26 18:59:00,7.76
2025-04-26 19:13:03,12.32
2025-04-26 19:23:49,7.76
2025-04-26 19:29:31,7.76
2025-04-26 19:36:26,7.76
2025-04-26 19:42:02,7.76
2025-04-26 19:47:52,7.76
2025-04-26 19:53:28,7.76
2025-04-26 19:59:05,7.76
2025-04-26 20:17:02,12.04
2025-04-26 20:30:18,8.76
2025-04-26 20:38:51,8.76
2025-04-26 20:44:48,8.76
2025-04-26 20:50:24,8.76
2025-04-26 20:56:00,8.76
2025-04-26 21:08:48,8.76
2025-04-26 21:23:54,8.76
2025-04-26 21:30:02,8.76
2025-04-26 21:36:35,8.76
2025-04-26 21:42:24,8.76
2025-04-26 21:48:33,8.76
2025-04-26 21:54:25,8.76
2025-04-26 22:00:18,8.76
2025-04-26 22:17:36,12.68
2025-04-26 22:32:32,11.76
2025-04-26 22:43:03,11.76
2025-04-26 22:48:48,11.76
2025-04-26 22:54:50,11.76
2025-04-26 23:07:29,11.76
2025-04-26 23:25:07,14.76
2025-04-26 23:32:16,14.76
2025-04-26 23:39:58,14.76
2025-04-26 23:45:46,14.76
2025-04-26 23:51:38,14.76
2025-04-26 23:57:21,14.76
2025-04-27 01:09:50,16.76
2025-04-27 02:47:10,17.76
2025-04-27 03:29:00,17.76
2025-04-27 03:50:22,17.76
2025-04-27 03:57:50,17.76
2025-04-27 04:16:29,21.09
2025-04-27 04:34:24,17.76
2025-04-27 04:44:49,17.76
2025-04-27 04:50:47,17.76
2025-04-27 04:56:40,17.76
2025-04-27 05:12:09,17.76
2025-04-27 05:30:38,18.76
2025-04-27 05:40:38,18.76
2025-04-27 05:46:15,18.76
2025-04-27 05:52:14,18.76
2025-04-27 05:57:48,18.76
2025-04-27 06:19:08,20.66
2025-04-27 06:40:46,17.76
2025-04-27 06:50:32,17.76
2025-04-27 06:56:13,17.76
2025-04-27 07:09:52,17.76
2025-04-27 07:23:57,16.76
2025-04-27 07:29:48,16.76
2025-04-27 07:36:22,16.76
2025-04-27 07:42:09,16.76
2025-04-27 07:47:55,16.76
2025-04-27 07:54:05,16.76
2025-04-27 07:59:57,16.76
2025-04-27 08:22:25,15.76
2025-04-27 08:37:53,15.76
2025-04-27 08:48:41,15.76
2025-04-27 08:54:30,15.76
2025-04-27 09:00:26,15.76
2025-04-27 09:19:14,15.76
2025-04-27 09:30:41,15.76
2025-04-27 09:38:29,15.76
2025-04-27 09:44:14,15.76
2025-04-27 09:50:06,15.76
2025-04-27 09:55:52,15.76
2025-04-27 10:10:09,15.76
2025-04-27 10:31:16,14.76
2025-04-27 10:41:46,14.76
2025-04-27 10:47:46,14.76
2025-04-27 10:53:46,14.76
2025-04-27 10:59:24,14.76
2025-04-27 11:13:03,14.76
2025-04-27 11:24:25,13.76
2025-04-27 11:30:08,13.76
2025-04-27 11:37:29,13.76
2025-04-27 11:43:19,13.76
2025-04-27 11:48:57,13.76
2025-04-27 11:54:45,13.76
2025-04-27 12:12:54,11.76
2025-04-27 12:50:41,11.76
2025-04-27 13:12:55,13.24
2025-04-27 13:30:55,10.76
2025-04-27 13:39:36,10.76
2025-04-27 13:45:37,10.76
2025-04-27 13:51:29,10.76
2025-04-27 13:57:09,10.76
2025-04-27 14:10:53,10.76
2025-04-27 14:28:06,11.76
2025-04-27 14:37:23,11.76
2025-04-27 14:43:07,11.76
2025-04-27 14:49:16,11.76
2025-04-27 14:54:55,11.76
2025-04-27 15:07:23,11.76
2025-04-27 15:26:21,10.76
2025-04-27 15:35:38,10.76
2025-04-27 15:42:06,10.76
2025-04-27 15:48:16,10.76
2025-04-27 15:54:13,10.76
2025-04-27 16:00:08,10.76
2025-04-27 16:22:23,9.76
2025-04-27 16:39:31,9.76
2025-04-27 16:49:01,9.76
2025-04-27 16:54:46,9.76
2025-04-27 17:04:25,9.76
2025-04-27 17:23:10,10.76
2025-04-27 17:33:22,10.76
2025-04-27 17:42:11,10.76
2025-04-27 17:48:02,10.76
2025-04-27 17:53:37,10.76
2025-04-27 17:59:25,10.76
2025-04-27 18:22:14,10.76
2025-04-27 18:40:00,10.76
2025-04-27 18:48:40,10.76
2025-04-27 18:54:41,10.76
2025-04-27 19:00:41,10.76
2025-04-27 19:16:04,11.68
2025-04-27 19:24:38,10.76
2025-04-27 19:30:32,10.76
2025-04-27 19:37:23,10.76
2025-04-27 19:43:12,10.76
2025-04-27 19:49:05,10.76
2025-04-27 19:54:58,10.76
2025-04-27 20:08:50,7.76
2025-04-27 20:28:06,7.76
2025-04-27 20:37:37,7.76
2025-04-27 20:44:02,7.76
2025-04-27 20:50:01,7.76
2025-04-27 20:55:45,7.76
2025-04-27 21:08:34,7.76
2025-04-27 21:24:05,7.76
2025-04-27 21:30:22,7.76
2025-04-27 21:36:54,7.76
2025-04-27 21:42:51,7.76
2025-04-27 21:48:51,7.76
2025-04-27 21:54:39,7.76
2025-04-27 22:00:33,7.76
2025-04-27 22:18:42,11.79
2025-04-27 22:33:13,10.76
2025-04-27 22:42:26,10.76
2025-04-27 22:48:21,10.76
2025-04-27 22:54:05,10.76
2025-04-27 22:59:58,10.76
2025-04-27 23:18:39,12.76
2025-04-27 23:31:54,12.76
2025-04-27 23:40:29,12.76
2025-04-27 23:46:18,12.76
2025-04-27 23:52:12,12.76
2025-04-27 23:57:56,12.76
2025-04-28 01:13:49,14.76
2025-04-28 02:49:00,17.76
2025-04-28 03:32:14,18.76
2025-04-28 03:55:02,18.76
2025-04-28 04:12:05,18.76
2025-04-28 04:35:29,18.76
2025-04-28 04:48:46,18.76
2025-04-28 04:55:52,18.76
2025-04-28 05:15:05,18.76
2025-04-28 05:45:53,19.76
2025-04-28 05:59:00,19.76
2025-04-28 06:31:18,19.76
2025-04-28 06:55:05,19.76
2025-04-28 07:34:28,19.76
2025-04-28 08:00:40,19.76
2025-04-28 09:11:06,18.76
2025-04-28 10:54:30,16.76
2025-04-28 11:29:35,14.76
2025-04-28 11:45:07,14.76
2025-04-28 11:51:08,14.76
2025-04-28 11:57:10,14.76
2025-04-28 12:25:40,13.76
2025-04-28 13:14:36,11.76
2025-04-28 13:49:02,11.76
2025-04-28 13:58:34,11.76
2025-04-28 14:17:58,11.76
2025-04-28 14:41:51,11.76
2025-04-28 14:52:56,11.76
2025-04-28 14:58:49,11.76
2025-04-28 15:18:11,9.76
2025-04-28 15:34:17,9.76
2025-04-28 15:44:14,9.76
2025-04-28 15:50:16,9.76
2025-04-28 15:56:11,9.76
2025-04-28 16:13:19,9.76
2025-04-28 16:36:04,10.76
2025-04-28 16:49:06,10.76
2025-04-28 16:55:55,10.76
2025-04-28 17:09:27,10.76
2025-04-28 17:27:52,7.76
2025-04-28 17:38:13,7.76
2025-04-28 17:44:15,7.76
2025-04-28 17:50:21,7.76
2025-04-28 17:55:58,7.76
2025-04-28 18:15:20,6.76
2025-04-28 18:41:23,6.76
2025-04-28 18:52:01,6.76
2025-04-28 18:57:43,6.76
2025-04-28 19:11:39,11.68
2025-04-28 19:23:40,7.76
2025-04-28 19:29:42,7.76
2025-04-28 19:36:57,7.76
2025-04-28 19:42:41,7.76
2025-04-28 19:48:44,7.76
2025-04-28 19:54:35,7.76
2025-04-28 20:00:48,7.76
2025-04-28 20:21:59,11.41
2025-04-28 20:33:14,5.76
2025-04-28 20:42:25,5.76
2025-04-28 20:48:19,5.76
2025-04-28 20:54:13,5.76
2025-04-28 21:00:05,5.76
2025-04-28 21:17:03,11.18
2025-04-28 21:29:48,6.76
2025-04-28 21:38:08,6.76
2025-04-28 21:43:57,6.76
2025-04-28 21:49:38,6.76
2025-04-28 21:55:20,6.76
2025-04-28 22:09:00,6.76
2025-04-28 22:30:30,8.76
2025-04-28 22:41:47,8.76
2025-04-28 22:47:42,8.76
2025-04-28 22:53:24,8.76
2025-04-28 22:59:16,8.76
2025-04-28 23:16:38,12.76
2025-04-28 23:29:31,12.76
2025-04-28 23:37:56,12.76
2025-04-28 23:44:03,12.76
2025-04-28 23:50:11,12.76
2025-04-28 23:55:54,12.76
2025-04-29 00:51:50,15.76
2025-04-29 02:22:31,18.76
2025-04-29 03:14:50,19.2
2025-04-29 03:44:46,18.76
2025-04-29 03:56:20,18.76
2025-04-29 04:13:16,18.76
2025-04-29 04:33:27,19.76
2025-04-29 04:45:02,19.76
2025-04-29 04:51:34,19.76
2025-04-29 04:57:24,19.76
2025-04-29 05:14:11,19.76
2025-04-29 05:32:41,19.76
2025-04-29 05:43:30,19.76
2025-04-29 05:49:23,19.76
2025-04-29 05:55:24,19.76
2025-04-29 06:14:26,20.08
2025-04-29 06:42:22,19.76
2025-04-29 06:53:42,19.76
2025-04-29 06:59:24,19.76
2025-04-29 07:18:52,21.65
2025-04-29 07:31:55,19.76
2025-04-29 07:41:05,19.76
2025-04-29 07:46:52,19.76
2025-04-29 07:52:54,19.76
2025-04-29 07:58:39,19.76
2025-04-29 08:23:12,18.76
2025-04-29 08:43:40,18.76
2025-04-29 08:55:09,18.76
2025-04-29 09:10:11,16.76
2025-04-29 09:31:11,16.76
2025-04-29 09:43:27,16.76
2025-04-29 09:50:00,16.76
2025-04-29 09:56:01,16.76
2025-04-29 10:12:15,18.51
2025-04-29 10:36:27,14.76
2025-04-29 10:49:00,14.76
